filename,width,height,class,xmin,ymin,xmax,ymax
image_101_unstable.png,720,480,unstable,323,195,475,293
image_101_unstable.png,720,480,burner cap,478,224,513,270
image_102_unstable.png,720,480,unstable,323,191,481,295
image_102_unstable.png,720,480,burner cap,476,228,506,264
image_103_unstable.png,720,480,burner cap,477,231,508,269
image_103_unstable.png,720,480,stable,326,195,475,302
image_104_unstable.png,720,480,burner cap,476,226,512,268
image_104_unstable.png,720,480,unstable,327,188,477,305
image_106_unstable.png,720,480,stable,340,184,480,308
image_106_unstable.png,720,480,burner cap,482,230,506,270
image_107_unstable.png,720,480,unstable,316,181,481,309
image_107_unstable.png,720,480,burner cap,470,228,506,272
image_108_stable.png,720,480,burner cap,479,234,508,276
image_108_stable.png,720,480,stable,301,218,479,314
image_109_stable.png,720,480,stable,330,215,479,311
image_109_stable.png,720,480,burner cap,474,233,512,272
image_111_stable.png,720,480,stable,359,211,478,303
image_111_stable.png,720,480,burner cap,476,236,507,269
image_112_stable.png,720,480,burner cap,476,238,507,272
image_112_stable.png,720,480,stable,345,209,475,311
image_113_stable.png,720,480,burner cap,476,232,508,269
image_113_stable.png,720,480,stable,336,206,477,302
image_114_stable.png,720,480,stable,327,227,476,306
image_114_stable.png,720,480,burner cap,479,234,509,278
image_116_stable.png,720,480,burner cap,476,230,511,274
image_116_stable.png,720,480,stable,332,201,475,312
image_117_stable.png,720,480,burner cap,478,237,512,273
image_117_stable.png,720,480,stable,323,208,479,311
image_118_stable.png,720,480,burner cap,479,235,507,272
image_118_stable.png,720,480,stable,342,210,479,305
image_119_stable.png,720,480,burner cap,480,231,507,274
image_119_stable.png,720,480,stable,359,196,480,304
image_11_unstable.png,720,480,pilot flame,419,98,510,153
image_11_unstable.png,720,480,pilot flame,412,171,513,208
image_11_unstable.png,720,480,pilot flame,430,286,510,329
image_11_unstable.png,720,480,pilot flame,426,339,515,390
image_11_unstable.png,720,480,burner cap,479,229,513,273
image_11_unstable.png,720,480,stable,340,201,479,295
image_121_stable.png,720,480,burner cap,479,230,508,266
image_121_stable.png,720,480,stable,380,199,479,298
image_122_stable.png,720,480,burner cap,480,227,507,270
image_122_stable.png,720,480,stable,355,208,480,291
image_123_stable.png,720,480,burner cap,473,222,512,272
image_123_stable.png,720,480,stable,368,194,474,306
image_124_stable.png,720,480,burner cap,476,229,507,269
image_124_stable.png,720,480,stable,365,192,476,301
image_126_stable.png,720,480,burner cap,478,226,504,268
image_126_stable.png,720,480,stable,341,197,478,302
image_127_stable.png,720,480,burner cap,477,231,505,271
image_127_stable.png,720,480,stable,375,188,476,309
image_128_stable.png,720,480,burner cap,477,230,512,270
image_128_stable.png,720,480,stable,371,195,477,302
image_129_unstable.png,720,480,burner cap,478,234,506,266
image_129_unstable.png,720,480,stable,369,211,476,306
image_12_unstable.png,720,480,pilot flame,430,97,509,155
image_12_unstable.png,720,480,pilot flame,424,172,514,208
image_12_unstable.png,720,480,pilot flame,435,289,522,333
image_12_unstable.png,720,480,pilot flame,429,340,527,391
image_12_unstable.png,720,480,burner cap,481,233,509,269
image_12_unstable.png,720,480,stable,284,198,478,298
image_131_unstable.png,720,480,burner cap,478,233,510,270
image_131_unstable.png,720,480,stable,364,202,479,297
image_132_unstable.png,720,480,burner cap,477,232,512,270
image_132_unstable.png,720,480,stable,335,199,476,307
image_133_unstable.png,720,480,burner cap,473,227,510,280
image_133_unstable.png,720,480,stable,350,201,477,311
image_134_unstable.png,720,480,burner cap,475,228,509,275
image_134_unstable.png,720,480,stable,364,218,476,296
image_136_unstable.png,720,480,burner cap,477,233,514,275
image_136_unstable.png,720,480,stable,344,215,476,301
image_137_unstable.png,720,480,burner cap,480,233,508,275
image_137_unstable.png,720,480,stable,364,221,480,296
image_138_unstable.png,720,480,burner cap,473,233,508,272
image_138_unstable.png,720,480,stable,381,214,476,298
image_139_unstable.png,720,480,burner cap,475,233,512,274
image_139_unstable.png,720,480,stable,359,215,476,301
image_13_unstable.png,720,480,pilot flame,407,110,506,148
image_13_unstable.png,720,480,pilot flame,416,170,508,202
image_13_unstable.png,720,480,pilot flame,427,293,508,327
image_13_unstable.png,720,480,pilot flame,412,341,504,383
image_13_unstable.png,720,480,unstable,321,198,483,302
image_13_unstable.png,720,480,burner cap,476,234,504,265
image_141_stable.png,720,480,burner cap,478,231,511,272
image_141_stable.png,720,480,stable,323,223,475,310
image_142_stable.png,720,480,burner cap,479,231,510,270
image_142_stable.png,720,480,stable,337,226,479,309
image_143_stable.png,720,480,burner cap,478,232,513,276
image_143_stable.png,720,480,stable,322,218,479,312
image_144_stable.png,720,480,burner cap,480,236,504,268
image_144_stable.png,720,480,stable,322,224,480,306
image_146_stable.png,720,480,burner cap,479,237,503,265
image_146_stable.png,720,480,stable,332,209,480,304
image_147_stable.png,720,480,burner cap,480,236,508,267
image_147_stable.png,720,480,stable,318,219,481,309
image_148_stable.png,720,480,burner cap,480,236,506,267
image_148_stable.png,720,480,stable,319,226,481,305
image_149_stable.png,720,480,burner cap,480,234,505,266
image_149_stable.png,720,480,stable,326,224,480,305
image_14_unstable.png,720,480,pilot flame,419,112,504,148
image_14_unstable.png,720,480,pilot flame,426,174,507,203
image_14_unstable.png,720,480,pilot flame,430,293,505,327
image_14_unstable.png,720,480,pilot flame,425,344,504,385
image_14_unstable.png,720,480,burner cap,481,234,504,265
image_14_unstable.png,720,480,stable,333,199,480,291
image_151_stable.png,720,480,burner cap,480,231,504,265
image_151_stable.png,720,480,stable,307,218,477,308
image_152_stable.png,720,480,burner cap,477,234,507,269
image_152_stable.png,720,480,stable,293,216,476,308
image_153_stable.png,720,480,burner cap,478,236,504,265
image_153_stable.png,720,480,stable,297,214,477,306
image_154_stable.png,720,480,burner cap,475,234,502,267
image_154_stable.png,720,480,stable,274,226,474,305
image_156_stable.png,720,480,burner cap,478,234,504,266
image_156_stable.png,720,480,stable,294,209,478,307
image_157_stable.png,720,480,burner cap,477,232,504,269
image_157_stable.png,720,480,stable,317,209,475,302
image_158_stable.png,720,480,burner cap,480,235,504,265
image_158_stable.png,720,480,stable,301,209,480,309
image_159_stable.png,720,480,burner cap,479,234,505,265
image_159_stable.png,720,480,stable,312,219,478,299
image_161_stable.png,720,480,burner cap,475,234,506,268
image_161_stable.png,720,480,stable,318,204,475,309
image_162_unstable.png,720,480,burner cap,481,232,506,266
image_162_unstable.png,720,480,stable,314,213,482,301
image_163_unstable.png,720,480,burner cap,476,233,509,271
image_163_unstable.png,720,480,stable,319,206,483,305
image_164_unstable.png,720,480,burner cap,476,233,509,266
image_164_unstable.png,720,480,stable,318,206,478,306
image_166_unstable.png,720,480,burner cap,477,231,507,267
image_166_unstable.png,720,480,stable,323,208,475,302
image_167_unstable.png,720,480,burner cap,476,233,505,271
image_167_unstable.png,720,480,stable,300,204,477,311
image_168_unstable.png,720,480,burner cap,477,231,503,272
image_168_unstable.png,720,480,stable,315,208,476,305
image_169_unstable.png,720,480,burner cap,475,233,510,269
image_169_unstable.png,720,480,stable,325,206,476,301
image_16_unstable.png,720,480,pilot flame,419,108,508,151
image_16_unstable.png,720,480,pilot flame,416,172,507,198
image_16_unstable.png,720,480,pilot flame,434,294,510,326
image_16_unstable.png,720,480,pilot flame,410,340,504,384
image_16_unstable.png,720,480,stable,361,213,479,297
image_16_unstable.png,720,480,burner cap,477,237,514,272
image_171_unstable.png,720,480,burner cap,479,233,507,265
image_171_unstable.png,720,480,stable,343,213,473,301
image_172_unstable.png,720,480,burner cap,475,234,508,268
image_172_unstable.png,720,480,stable,284,206,476,304
image_173_stable.png,720,480,burner cap,476,231,503,268
image_173_stable.png,720,480,stable,359,223,475,293
image_174_stable.png,720,480,burner cap,476,232,505,268
image_174_stable.png,720,480,stable,373,216,475,290
image_176_stable.png,720,480,burner cap,478,232,504,269
image_176_stable.png,720,480,stable,351,206,479,299
image_177_stable.png,720,480,burner cap,478,235,505,270
image_177_stable.png,720,480,stable,343,218,478,294
image_178_stable.png,720,480,burner cap,478,233,504,264
image_178_stable.png,720,480,stable,351,219,476,298
image_179_stable.png,720,480,burner cap,477,236,507,268
image_179_stable.png,720,480,stable,326,215,477,301
image_17_unstable.png,720,480,pilot flame,421,109,506,143
image_17_unstable.png,720,480,pilot flame,420,175,507,198
image_17_unstable.png,720,480,pilot flame,437,287,504,328
image_17_unstable.png,720,480,pilot flame,434,346,507,387
image_17_unstable.png,720,480,burner cap,475,233,508,268
image_17_unstable.png,720,480,stable,320,191,480,305
image_181_stable.png,720,480,burner cap,476,232,502,268
image_181_stable.png,720,480,stable,367,216,477,291
image_182_stable.png,720,480,burner cap,478,228,503,271
image_182_stable.png,720,480,stable,355,210,478,295
image_183_stable.png,720,480,burner cap,478,234,505,269
image_183_stable.png,720,480,stable,336,222,479,298
image_184_unstable.png,720,480,stable,88,193,479,323
image_184_unstable.png,720,480,burner cap,481,234,510,272
image_184_unstable.png,720,480,pilot flame,412,115,511,144
image_184_unstable.png,720,480,pilot flame,425,172,507,202
image_184_unstable.png,720,480,pilot flame,443,292,508,326
image_184_unstable.png,720,480,pilot flame,394,336,509,383
image_186_unstable.png,720,480,pilot flame,411,112,507,142
image_186_unstable.png,720,480,pilot flame,411,172,508,205
image_186_unstable.png,720,480,pilot flame,446,293,508,322
image_186_unstable.png,720,480,pilot flame,401,340,507,380
image_186_unstable.png,720,480,burner cap,480,237,511,273
image_186_unstable.png,720,480,stable,65,206,480,325
image_187_unstable.png,720,480,stable,84,220,481,314
image_187_unstable.png,720,480,burner cap,480,238,509,269
image_187_unstable.png,720,480,pilot flame,409,110,509,152
image_187_unstable.png,720,480,pilot flame,400,168,507,202
image_187_unstable.png,720,480,pilot flame,443,295,509,326
image_187_unstable.png,720,480,pilot flame,398,340,504,381
image_188_unstable.png,720,480,pilot flame,421,108,507,149
image_188_unstable.png,720,480,pilot flame,426,172,510,204
image_188_unstable.png,720,480,pilot flame,447,296,509,325
image_188_unstable.png,720,480,pilot flame,387,340,506,384
image_188_unstable.png,720,480,stable,65,181,480,324
image_188_unstable.png,720,480,burner cap,482,234,509,266
image_189_unstable.png,720,480,burner cap,480,236,507,267
image_189_unstable.png,720,480,stable,46,214,479,320
image_189_unstable.png,720,480,pilot flame,412,111,506,149
image_189_unstable.png,720,480,pilot flame,410,173,508,205
image_189_unstable.png,720,480,pilot flame,444,297,508,326
image_189_unstable.png,720,480,pilot flame,401,331,507,388
image_18_unstable.png,720,480,pilot flame,434,107,504,146
image_18_unstable.png,720,480,pilot flame,430,173,504,205
image_18_unstable.png,720,480,pilot flame,432,293,506,322
image_18_unstable.png,720,480,pilot flame,422,347,503,386
image_18_unstable.png,720,480,stable,347,203,479,295
image_18_unstable.png,720,480,burner cap,478,232,504,268
image_191_unstable.png,720,480,burner cap,480,233,513,269
image_191_unstable.png,720,480,stable,120,176,479,304
image_191_unstable.png,720,480,pilot flame,405,113,508,149
image_191_unstable.png,720,480,pilot flame,427,176,509,201
image_191_unstable.png,720,480,pilot flame,437,295,507,329
image_191_unstable.png,720,480,pilot flame,393,337,512,384
image_192_unstable.png,720,480,pilot flame,385,112,507,146
image_192_unstable.png,720,480,pilot flame,417,173,510,202
image_192_unstable.png,720,480,pilot flame,440,291,510,323
image_192_unstable.png,720,480,pilot flame,397,336,508,388
image_192_unstable.png,720,480,stable,56,222,484,323
image_192_unstable.png,720,480,burner cap,483,237,509,274
image_193_unstable.png,720,480,burner cap,478,234,509,269
image_193_unstable.png,720,480,stable,83,218,476,295
image_193_unstable.png,720,480,pilot flame,447,294,512,324
image_193_unstable.png,720,480,pilot flame,401,339,505,381
image_193_unstable.png,720,480,pilot flame,421,174,509,198
image_193_unstable.png,720,480,pilot flame,390,115,508,152
image_194_unstable.png,720,480,pilot flame,389,117,506,148
image_194_unstable.png,720,480,pilot flame,394,172,506,203
image_194_unstable.png,720,480,pilot flame,440,291,507,326
image_194_unstable.png,720,480,pilot flame,393,342,508,383
image_194_unstable.png,720,480,burner cap,483,236,515,280
image_194_unstable.png,720,480,stable,66,205,479,313
image_196_unstable.png,720,480,burner cap,478,233,504,266
image_196_unstable.png,720,480,stable,362,214,475,296
image_197_unstable.png,720,480,burner cap,475,233,506,268
image_197_unstable.png,720,480,stable,360,216,477,291
image_198_unstable.png,720,480,burner cap,477,234,506,266
image_198_unstable.png,720,480,stable,357,220,477,297
image_199_unstable.png,720,480,burner cap,477,236,501,266
image_199_unstable.png,720,480,stable,357,205,476,294
image_19_unstable.png,720,480,burner cap,482,229,508,267
image_19_unstable.png,720,480,stable,311,197,479,300
image_19_unstable.png,720,480,pilot flame,407,109,503,149
image_19_unstable.png,720,480,pilot flame,415,169,507,206
image_19_unstable.png,720,480,pilot flame,429,346,507,385
image_19_unstable.png,720,480,pilot flame,439,291,509,328
image_1_unstable.png,720,480,burner cap,480,234,505,264
image_1_unstable.png,720,480,unstable,319,190,483,297
image_1_unstable.png,720,480,pilot flame,405,107,502,152
image_1_unstable.png,720,480,pilot flame,412,170,507,203
image_1_unstable.png,720,480,pilot flame,432,294,506,326
image_1_unstable.png,720,480,pilot flame,363,331,504,386
image_201_unstable.png,720,480,burner cap,474,233,505,269
image_201_unstable.png,720,480,stable,354,211,476,302
image_202_unstable.png,720,480,burner cap,477,234,504,266
image_202_unstable.png,720,480,stable,371,212,477,294
image_203_unstable.png,720,480,burner cap,480,234,502,263
image_203_unstable.png,720,480,stable,381,217,480,309
image_204_unstable.png,720,480,burner cap,477,234,498,271
image_204_unstable.png,720,480,stable,371,222,477,298
image_206_stable.png,720,480,burner cap,480,233,512,274
image_206_stable.png,720,480,stable,62,190,483,317
image_206_stable.png,720,480,pilot flame,439,294,512,324
image_206_stable.png,720,480,pilot flame,380,329,507,385
image_206_stable.png,720,480,pilot flame,396,114,506,149
image_206_stable.png,720,480,pilot flame,414,173,508,205
image_207_stable.png,720,480,burner cap,482,238,512,274
image_207_stable.png,720,480,pilot flame,376,112,505,151
image_207_stable.png,720,480,pilot flame,380,172,509,208
image_207_stable.png,720,480,pilot flame,447,291,511,326
image_207_stable.png,720,480,pilot flame,404,341,508,384
image_207_stable.png,720,480,stable,37,193,479,312
image_208_stable.png,720,480,burner cap,476,231,509,269
image_208_stable.png,720,480,stable,52,173,487,320
image_208_stable.png,720,480,pilot flame,397,105,507,150
image_208_stable.png,720,480,pilot flame,426,169,511,204
image_208_stable.png,720,480,pilot flame,439,293,509,324
image_208_stable.png,720,480,pilot flame,409,336,504,385
image_209_stable.png,720,480,burner cap,481,228,508,275
image_209_stable.png,720,480,stable,94,193,484,316
image_209_stable.png,720,480,pilot flame,394,111,509,147
image_209_stable.png,720,480,pilot flame,421,170,509,202
image_209_stable.png,720,480,pilot flame,446,293,507,326
image_209_stable.png,720,480,pilot flame,400,341,509,385
image_211_stable.png,720,480,burner cap,479,230,511,274
image_211_stable.png,720,480,stable,73,204,480,312
image_211_stable.png,720,480,pilot flame,420,111,506,151
image_211_stable.png,720,480,pilot flame,418,170,510,206
image_211_stable.png,720,480,pilot flame,437,297,507,323
image_211_stable.png,720,480,pilot flame,396,331,509,388
image_212_stable.png,720,480,burner cap,484,236,511,271
image_212_stable.png,720,480,stable,69,181,483,309
image_212_stable.png,720,480,pilot flame,398,112,510,149
image_212_stable.png,720,480,pilot flame,411,169,513,206
image_212_stable.png,720,480,pilot flame,436,291,514,327
image_212_stable.png,720,480,pilot flame,401,344,508,391
image_213_stable.png,720,480,stable,123,199,483,303
image_213_stable.png,720,480,burner cap,480,233,509,270
image_213_stable.png,720,480,pilot flame,397,112,509,148
image_213_stable.png,720,480,pilot flame,408,169,508,204
image_213_stable.png,720,480,pilot flame,439,293,507,327
image_213_stable.png,720,480,pilot flame,401,337,510,383
image_214_stable.png,720,480,pilot flame,393,105,505,151
image_214_stable.png,720,480,pilot flame,415,173,509,203
image_214_stable.png,720,480,pilot flame,439,291,508,323
image_214_stable.png,720,480,pilot flame,384,340,508,384
image_214_stable.png,720,480,stable,162,174,486,297
image_214_stable.png,720,480,burner cap,479,229,513,273
image_216_stable.png,720,480,burner cap,480,229,502,268
image_216_stable.png,720,480,stable,330,218,476,301
image_217_stable.png,720,480,burner cap,479,232,506,270
image_217_stable.png,720,480,stable,346,202,478,302
image_218_stable.png,720,480,burner cap,477,231,508,269
image_218_stable.png,720,480,stable,340,212,475,305
image_219_stable.png,720,480,burner cap,474,233,503,268
image_219_stable.png,720,480,stable,333,218,477,299
image_21_unstable.png,720,480,pilot flame,416,111,504,145
image_21_unstable.png,720,480,pilot flame,407,173,512,197
image_21_unstable.png,720,480,pilot flame,434,289,507,326
image_21_unstable.png,720,480,pilot flame,416,343,504,384
image_21_unstable.png,720,480,unstable,315,193,482,296
image_21_unstable.png,720,480,burner cap,481,231,508,269
image_221_stable.png,720,480,burner cap,473,232,507,265
image_221_stable.png,720,480,stable,364,211,474,291
image_222_stable.png,720,480,burner cap,476,232,503,269
image_222_stable.png,720,480,stable,352,213,476,301
image_223_stable.png,720,480,burner cap,473,230,510,275
image_223_stable.png,720,480,stable,359,215,481,304
image_224_stable.png,720,480,burner cap,482,233,512,269
image_224_stable.png,720,480,stable,349,211,478,298
image_226_unstable.png,720,480,burner cap,477,234,511,271
image_226_unstable.png,720,480,stable,357,213,477,301
image_226_unstable.png,720,480,pilot flame,401,106,507,152
image_226_unstable.png,720,480,pilot flame,428,162,517,210
image_226_unstable.png,720,480,pilot flame,436,294,509,330
image_226_unstable.png,720,480,pilot flame,396,330,508,394
image_227_unstable.png,720,480,pilot flame,397,118,504,150
image_227_unstable.png,720,480,pilot flame,412,176,507,206
image_227_unstable.png,720,480,pilot flame,440,291,508,322
image_227_unstable.png,720,480,pilot flame,393,330,507,388
image_227_unstable.png,720,480,burner cap,475,237,511,277
image_227_unstable.png,720,480,stable,217,208,481,296
image_228_unstable.png,720,480,burner cap,480,236,508,269
image_228_unstable.png,720,480,stable,282,233,480,301
image_228_unstable.png,720,480,pilot flame,384,102,504,159
image_228_unstable.png,720,480,pilot flame,393,170,509,212
image_228_unstable.png,720,480,pilot flame,435,293,506,326
image_228_unstable.png,720,480,pilot flame,409,332,508,387
image_229_unstable.png,720,480,pilot flame,419,113,505,145
image_229_unstable.png,720,480,pilot flame,425,174,515,208
image_229_unstable.png,720,480,pilot flame,430,290,509,326
image_229_unstable.png,720,480,pilot flame,406,328,507,390
image_229_unstable.png,720,480,burner cap,482,234,511,269
image_229_unstable.png,720,480,stable,279,216,482,300
image_22_unstable.png,720,480,burner cap,478,230,509,269
image_22_unstable.png,720,480,unstable,280,187,478,296
image_22_unstable.png,720,480,pilot flame,402,112,501,152
image_22_unstable.png,720,480,pilot flame,421,169,506,206
image_22_unstable.png,720,480,pilot flame,420,292,508,326
image_22_unstable.png,720,480,pilot flame,387,330,503,386
image_231_unstable.png,720,480,burner cap,480,234,505,266
image_231_unstable.png,720,480,stable,333,221,480,297
image_231_unstable.png,720,480,pilot flame,410,112,507,150
image_231_unstable.png,720,480,pilot flame,412,175,507,203
image_231_unstable.png,720,480,pilot flame,443,291,510,329
image_231_unstable.png,720,480,pilot flame,396,342,504,387
image_232_unstable.png,720,480,burner cap,482,234,509,269
image_232_unstable.png,720,480,stable,308,208,484,299
image_232_unstable.png,720,480,pilot flame,415,112,510,155
image_232_unstable.png,720,480,pilot flame,421,172,510,208
image_232_unstable.png,720,480,pilot flame,436,294,505,323
image_232_unstable.png,720,480,pilot flame,388,332,507,384
image_233_unstable.png,720,480,pilot flame,400,105,510,158
image_233_unstable.png,720,480,pilot flame,408,171,510,206
image_233_unstable.png,720,480,pilot flame,439,293,504,323
image_233_unstable.png,720,480,pilot flame,396,340,508,385
image_233_unstable.png,720,480,burner cap,479,239,511,270
image_233_unstable.png,720,480,stable,279,226,480,297
image_234_unstable.png,720,480,unstable,294,179,477,308
image_234_unstable.png,720,480,burner cap,474,232,506,270
image_236_unstable.png,720,480,burner cap,479,234,503,263
image_236_unstable.png,720,480,unstable,307,197,478,301
image_237_unstable.png,720,480,unstable,312,181,484,314
image_237_unstable.png,720,480,burner cap,475,233,510,268
image_238_unstable.png,720,480,unstable,281,191,483,310
image_238_unstable.png,720,480,burner cap,474,235,508,258
image_239_unstable.png,720,480,unstable,309,181,483,326
image_239_unstable.png,720,480,burner cap,475,235,502,265
image_23_unstable.png,720,480,unstable,340,195,482,299
image_23_unstable.png,720,480,burner cap,478,238,505,262
image_23_unstable.png,720,480,pilot flame,413,102,502,157
image_23_unstable.png,720,480,pilot flame,417,169,508,206
image_23_unstable.png,720,480,pilot flame,427,291,507,322
image_23_unstable.png,720,480,pilot flame,397,334,505,391
image_241_unstable.png,720,480,burner cap,480,232,506,262
image_241_unstable.png,720,480,unstable,296,178,480,319
image_242_unstable.png,720,480,unstable,282,176,482,302
image_242_unstable.png,720,480,burner cap,477,237,507,263
image_243_stable.png,720,480,stable,118,219,482,313
image_243_stable.png,720,480,burner cap,477,237,511,273
image_243_stable.png,720,480,pilot flame,376,102,505,162
image_243_stable.png,720,480,pilot flame,390,173,512,210
image_243_stable.png,720,480,pilot flame,432,294,507,322
image_243_stable.png,720,480,pilot flame,386,340,507,386
image_244_stable.png,720,480,pilot flame,398,115,504,152
image_244_stable.png,720,480,pilot flame,398,173,507,208
image_244_stable.png,720,480,pilot flame,448,296,509,324
image_244_stable.png,720,480,pilot flame,406,340,509,383
image_244_stable.png,720,480,burner cap,482,241,504,270
image_244_stable.png,720,480,stable,95,230,479,313
image_246_stable.png,720,480,stable,100,228,479,317
image_246_stable.png,720,480,burner cap,484,241,509,273
image_246_stable.png,720,480,pilot flame,413,116,505,141
image_246_stable.png,720,480,pilot flame,406,170,511,209
image_246_stable.png,720,480,pilot flame,439,292,505,323
image_246_stable.png,720,480,pilot flame,400,336,508,383
image_247_stable.png,720,480,pilot flame,413,108,505,144
image_247_stable.png,720,480,pilot flame,405,170,506,206
image_247_stable.png,720,480,pilot flame,438,294,509,325
image_247_stable.png,720,480,pilot flame,384,337,506,386
image_247_stable.png,720,480,stable,87,231,485,308
image_247_stable.png,720,480,burner cap,477,236,509,263
image_248_stable.png,720,480,stable,90,237,479,312
image_248_stable.png,720,480,burner cap,480,240,509,267
image_248_stable.png,720,480,pilot flame,412,113,507,147
image_248_stable.png,720,480,pilot flame,398,172,507,202
image_248_stable.png,720,480,pilot flame,440,293,509,322
image_248_stable.png,720,480,pilot flame,400,337,507,388
image_249_stable.png,720,480,pilot flame,422,112,507,147
image_249_stable.png,720,480,pilot flame,390,171,513,206
image_249_stable.png,720,480,pilot flame,442,290,510,326
image_249_stable.png,720,480,pilot flame,402,343,503,384
image_249_stable.png,720,480,stable,94,233,484,307
image_249_stable.png,720,480,burner cap,482,236,509,273
image_24_unstable.png,720,480,unstable,339,199,484,301
image_24_unstable.png,720,480,burner cap,481,237,508,262
image_24_unstable.png,720,480,pilot flame,420,108,506,148
image_24_unstable.png,720,480,pilot flame,422,174,506,199
image_24_unstable.png,720,480,pilot flame,427,286,508,325
image_24_unstable.png,720,480,pilot flame,421,344,507,383
image_251_stable.png,720,480,stable,73,215,487,318
image_251_stable.png,720,480,burner cap,482,239,509,269
image_251_stable.png,720,480,pilot flame,397,109,505,144
image_251_stable.png,720,480,pilot flame,382,169,509,206
image_251_stable.png,720,480,pilot flame,436,293,507,322
image_251_stable.png,720,480,pilot flame,408,341,505,387
image_252_stable.png,720,480,pilot flame,408,108,513,156
image_252_stable.png,720,480,pilot flame,400,170,507,202
image_252_stable.png,720,480,pilot flame,429,293,506,322
image_252_stable.png,720,480,pilot flame,396,338,506,386
image_252_stable.png,720,480,burner cap,482,240,508,269
image_252_stable.png,720,480,stable,72,233,483,316
image_253_stable.png,720,480,stable,358,189,475,303
image_253_stable.png,720,480,burner cap,475,230,512,272
image_254_stable.png,720,480,stable,341,195,477,302
image_254_stable.png,720,480,burner cap,477,236,508,268
image_256_stable.png,720,480,stable,301,173,485,312
image_256_stable.png,720,480,burner cap,473,236,505,265
image_257_stable.png,720,480,stable,344,206,477,315
image_257_stable.png,720,480,burner cap,474,231,510,270
image_258_stable.png,720,480,stable,303,195,475,311
image_258_stable.png,720,480,burner cap,478,231,507,266
image_259_stable.png,720,480,stable,321,200,481,305
image_259_stable.png,720,480,burner cap,477,236,510,269
image_261_stable.png,720,480,burner cap,478,230,509,271
image_261_stable.png,720,480,stable,327,199,472,305
image_262_stable.png,720,480,stable,353,198,476,303
image_262_stable.png,720,480,burner cap,477,232,508,270
image_263_stable.png,720,480,burner cap,475,231,506,269
image_263_stable.png,720,480,stable,302,194,473,317
image_264_stable.png,720,480,burner cap,475,233,509,269
image_264_stable.png,720,480,stable,346,203,479,315
image_266_stable.png,720,480,stable,89,232,483,302
image_266_stable.png,720,480,burner cap,476,235,511,275
image_266_stable.png,720,480,pilot flame,379,104,509,147
image_266_stable.png,720,480,pilot flame,408,173,511,205
image_266_stable.png,720,480,pilot flame,440,296,507,323
image_266_stable.png,720,480,pilot flame,405,335,505,381
image_267_stable.png,720,480,stable,39,219,489,304
image_267_stable.png,720,480,burner cap,485,236,506,267
image_267_stable.png,720,480,pilot flame,402,111,508,147
image_267_stable.png,720,480,pilot flame,407,168,514,206
image_267_stable.png,720,480,pilot flame,444,291,507,324
image_267_stable.png,720,480,pilot flame,404,336,508,383
image_268_stable.png,720,480,pilot flame,409,111,504,151
image_268_stable.png,720,480,pilot flame,410,174,510,204
image_268_stable.png,720,480,pilot flame,428,287,506,322
image_268_stable.png,720,480,pilot flame,413,342,506,384
image_268_stable.png,720,480,stable,133,220,484,302
image_268_stable.png,720,480,burner cap,481,233,512,271
image_269_stable.png,720,480,burner cap,485,239,507,270
image_269_stable.png,720,480,stable,65,235,480,309
image_269_stable.png,720,480,stable,388,104,508,156
image_269_stable.png,720,480,stable,377,174,508,204
image_269_stable.png,720,480,stable,444,294,505,324
image_269_stable.png,720,480,stable,407,341,505,384
image_26_unstable.png,720,480,burner cap,480,237,506,265
image_26_unstable.png,720,480,stable,330,195,473,297
image_26_unstable.png,720,480,pilot flame,424,108,502,144
image_26_unstable.png,720,480,pilot flame,424,166,508,204
image_26_unstable.png,720,480,pilot flame,431,291,505,324
image_26_unstable.png,720,480,pilot flame,434,337,501,382
image_271_stable.png,720,480,stable,91,220,479,319
image_271_stable.png,720,480,burner cap,477,234,507,265
image_271_stable.png,720,480,burner cap,416,105,506,149
image_271_stable.png,720,480,burner cap,397,173,512,209
image_271_stable.png,720,480,burner cap,427,288,505,324
image_271_stable.png,720,480,burner cap,407,340,501,376
image_272_stable.png,720,480,burner cap,482,233,507,269
image_272_stable.png,720,480,stable,341,203,481,297
image_272_stable.png,720,480,pilot flame,433,115,515,148
image_272_stable.png,720,480,pilot flame,429,170,506,204
image_272_stable.png,720,480,pilot flame,443,291,511,329
image_272_stable.png,720,480,pilot flame,402,333,507,383
image_273_stable.png,720,480,burner cap,484,236,509,270
image_273_stable.png,720,480,stable,351,215,480,297
image_273_stable.png,720,480,pilot flame,412,101,508,154
image_273_stable.png,720,480,pilot flame,409,173,509,203
image_273_stable.png,720,480,pilot flame,448,291,510,324
image_273_stable.png,720,480,pilot flame,397,336,508,390
image_274_stable.png,720,480,stable,166,219,489,306
image_274_stable.png,720,480,burner cap,482,241,512,272
image_274_stable.png,720,480,pilot flame,395,110,511,155
image_274_stable.png,720,480,pilot flame,391,170,512,208
image_274_stable.png,720,480,pilot flame,436,289,515,324
image_274_stable.png,720,480,pilot flame,403,336,512,386
image_276_stable.png,720,480,pilot flame,378,115,506,159
image_276_stable.png,720,480,pilot flame,381,170,512,204
image_276_stable.png,720,480,pilot flame,436,290,507,328
image_276_stable.png,720,480,pilot flame,401,337,507,388
image_276_stable.png,720,480,stable,274,213,483,306
image_276_stable.png,720,480,burner cap,485,238,512,272
image_277_unstable.png,720,480,burner cap,480,230,505,266
image_277_unstable.png,720,480,unstable,305,164,478,320
image_278_unstable.png,720,480,stable,334,194,476,301
image_278_unstable.png,720,480,burner cap,475,229,505,266
image_279_unstable.png,720,480,stable,362,202,480,308
image_279_unstable.png,720,480,burner cap,476,234,503,275
image_27_unstable.png,720,480,unstable,323,191,484,298
image_27_unstable.png,720,480,pilot flame,409,284,504,324
image_27_unstable.png,720,480,pilot flame,383,339,502,383
image_27_unstable.png,720,480,pilot flame,402,102,504,149
image_27_unstable.png,720,480,pilot flame,401,171,507,206
image_27_unstable.png,720,480,burner cap,481,236,507,261
image_281_unstable.png,720,480,unstable,290,180,482,310
image_281_unstable.png,720,480,burner cap,483,235,504,266
image_282_unstable.png,720,480,unstable,298,187,485,308
image_282_unstable.png,720,480,burner cap,475,233,512,262
image_283_unstable.png,720,480,stable,366,186,479,313
image_283_unstable.png,720,480,burner cap,472,236,507,271
image_284_unstable.png,720,480,stable,308,180,484,315
image_284_unstable.png,720,480,burner cap,477,229,501,268
image_286_unstable.png,720,480,stable,91,218,481,321
image_286_unstable.png,720,480,burner cap,482,235,509,273
image_286_unstable.png,720,480,pilot flame,375,103,504,149
image_286_unstable.png,720,480,pilot flame,410,165,511,204
image_286_unstable.png,720,480,pilot flame,436,297,504,326
image_286_unstable.png,720,480,pilot flame,400,344,508,386
image_287_unstable.png,720,480,pilot flame,396,108,507,149
image_287_unstable.png,720,480,pilot flame,404,170,507,204
image_287_unstable.png,720,480,pilot flame,439,296,509,321
image_287_unstable.png,720,480,pilot flame,402,341,501,386
image_287_unstable.png,720,480,stable,74,213,484,322
image_288_unstable.png,720,480,stable,70,215,487,307
image_288_unstable.png,720,480,pilot flame,406,110,504,143
image_288_unstable.png,720,480,pilot flame,415,166,506,202
image_288_unstable.png,720,480,pilot flame,438,293,509,319
image_288_unstable.png,720,480,pilot flame,404,336,514,386
image_288_unstable.png,720,480,burner cap,483,235,509,272
image_289_unstable.png,720,480,stable,56,213,488,320
image_289_unstable.png,720,480,burner cap,483,237,511,272
image_289_unstable.png,720,480,pilot flame,390,115,510,154
image_289_unstable.png,720,480,pilot flame,416,172,509,211
image_289_unstable.png,720,480,pilot flame,442,291,512,322
image_289_unstable.png,720,480,pilot flame,391,336,508,384
image_28_unstable.png,720,480,stable,355,209,480,290
image_28_unstable.png,720,480,burner cap,483,229,513,267
image_28_unstable.png,720,480,pilot flame,406,108,505,148
image_28_unstable.png,720,480,pilot flame,411,168,504,206
image_28_unstable.png,720,480,pilot flame,425,290,508,324
image_28_unstable.png,720,480,pilot flame,433,344,503,385
image_291_unstable.png,720,480,stable,64,203,479,326
image_291_unstable.png,720,480,burner cap,485,235,509,270
image_291_unstable.png,720,480,pilot flame,425,109,510,148
image_291_unstable.png,720,480,pilot flame,407,170,509,206
image_291_unstable.png,720,480,pilot flame,432,290,504,323
image_291_unstable.png,720,480,pilot flame,377,336,504,384
image_292_unstable.png,720,480,stable,104,233,481,315
image_292_unstable.png,720,480,pilot flame,440,294,507,320
image_292_unstable.png,720,480,pilot flame,388,333,503,381
image_292_unstable.png,720,480,pilot flame,365,104,506,158
image_292_unstable.png,720,480,pilot flame,364,169,508,211
image_292_unstable.png,720,480,burner cap,478,236,511,269
image_293_unstable.png,720,480,stable,73,229,484,318
image_293_unstable.png,720,480,burner cap,480,238,507,270
image_293_unstable.png,720,480,pilot flame,386,101,508,149
image_293_unstable.png,720,480,pilot flame,382,168,509,210
image_293_unstable.png,720,480,pilot flame,440,294,508,327
image_293_unstable.png,720,480,pilot flame,399,338,508,386
image_294_unstable.png,720,480,stable,116,213,485,317
image_294_unstable.png,720,480,burner cap,479,236,511,266
image_294_unstable.png,720,480,pilot flame,393,106,505,148
image_294_unstable.png,720,480,pilot flame,401,167,511,209
image_294_unstable.png,720,480,pilot flame,437,294,509,324
image_294_unstable.png,720,480,pilot flame,404,344,507,390
image_296_unstable.png,720,480,stable,32,204,482,311
image_296_unstable.png,720,480,burner cap,483,238,511,269
image_296_unstable.png,720,480,pilot flame,426,290,513,327
image_296_unstable.png,720,480,pilot flame,404,106,507,149
image_296_unstable.png,720,480,pilot flame,412,172,509,207
image_296_unstable.png,720,480,pilot flame,399,336,508,388
image_297_stable.png,720,480,stable,327,205,477,300
image_297_stable.png,720,480,burner cap,476,229,506,268
image_298_stable.png,720,480,burner cap,477,232,508,269
image_298_stable.png,720,480,stable,341,201,474,306
image_299_stable.png,720,480,stable,342,200,477,309
image_299_stable.png,720,480,burner cap,469,229,513,277
image_29_unstable.png,720,480,unstable,333,191,479,303
image_29_unstable.png,720,480,pilot flame,414,106,502,144
image_29_unstable.png,720,480,pilot flame,416,166,506,208
image_29_unstable.png,720,480,burner cap,478,237,505,265
image_29_unstable.png,720,480,pilot flame,421,290,507,324
image_29_unstable.png,720,480,pilot flame,401,333,504,384
image_2_unstable.png,720,480,stable,375,206,482,289
image_2_unstable.png,720,480,burner cap,479,233,508,267
image_2_unstable.png,720,480,pilot flame,433,288,507,324
image_2_unstable.png,720,480,pilot flame,426,344,508,384
image_2_unstable.png,720,480,pilot flame,402,109,504,149
image_2_unstable.png,720,480,pilot flame,422,169,507,199
image_301_stable.png,720,480,stable,322,212,477,306
image_301_stable.png,720,480,burner cap,479,230,508,273
image_302_stable.png,720,480,stable,317,191,475,315
image_302_stable.png,720,480,burner cap,476,232,508,265
image_303_stable.png,720,480,burner cap,476,230,508,272
image_303_stable.png,720,480,stable,289,205,475,322
image_304_stable.png,720,480,stable,337,198,480,314
image_304_stable.png,720,480,burner cap,477,227,508,270
image_306_stable.png,720,480,stable,325,197,475,294
image_306_stable.png,720,480,burner cap,476,231,508,268
image_307_unstable.png,720,480,stable,33,188,476,323
image_307_unstable.png,720,480,burner cap,479,234,511,262
image_307_unstable.png,720,480,pilot flame,391,115,508,155
image_307_unstable.png,720,480,pilot flame,412,173,508,205
image_307_unstable.png,720,480,pilot flame,450,290,509,327
image_307_unstable.png,720,480,pilot flame,401,329,508,390
image_308_unstable.png,720,480,stable,28,215,476,311
image_308_unstable.png,720,480,burner cap,486,235,512,269
image_308_unstable.png,720,480,pilot flame,413,108,510,151
image_308_unstable.png,720,480,pilot flame,414,173,515,210
image_308_unstable.png,720,480,pilot flame,434,295,508,325
image_308_unstable.png,720,480,pilot flame,400,338,509,387
image_309_unstable.png,720,480,stable,24,198,479,312
image_309_unstable.png,720,480,burner cap,482,231,510,270
image_309_unstable.png,720,480,pilot flame,390,113,505,154
image_309_unstable.png,720,480,pilot flame,418,173,505,207
image_309_unstable.png,720,480,pilot flame,428,291,507,325
image_309_unstable.png,720,480,pilot flame,387,338,505,384
image_311_unstable.png,720,480,stable,23,208,480,330
image_311_unstable.png,720,480,pilot flame,407,109,505,150
image_311_unstable.png,720,480,pilot flame,412,172,507,207
image_311_unstable.png,720,480,pilot flame,436,293,513,327
image_311_unstable.png,720,480,pilot flame,407,338,506,389
image_311_unstable.png,720,480,burner cap,483,234,511,273
image_312_unstable.png,720,480,burner cap,479,233,513,268
image_312_unstable.png,720,480,stable,26,175,475,324
image_312_unstable.png,720,480,pilot flame,380,103,511,153
image_312_unstable.png,720,480,pilot flame,423,167,508,202
image_312_unstable.png,720,480,pilot flame,432,290,509,329
image_312_unstable.png,720,480,pilot flame,405,337,506,387
image_313_unstable.png,720,480,burner cap,482,240,514,270
image_313_unstable.png,720,480,stable,25,202,476,319
image_313_unstable.png,720,480,pilot flame,450,290,512,323
image_313_unstable.png,720,480,pilot flame,384,104,505,154
image_313_unstable.png,720,480,pilot flame,391,171,509,212
image_313_unstable.png,720,480,pilot flame,402,335,507,386
image_314_unstable.png,720,480,stable,19,218,482,318
image_314_unstable.png,720,480,burner cap,479,229,510,273
image_314_unstable.png,720,480,pilot flame,384,115,506,154
image_314_unstable.png,720,480,pilot flame,395,166,509,208
image_314_unstable.png,720,480,pilot flame,436,290,517,324
image_314_unstable.png,720,480,pilot flame,387,322,507,384
image_316_unstable.png,720,480,stable,28,206,484,333
image_316_unstable.png,720,480,pilot flame,436,294,506,324
image_316_unstable.png,720,480,pilot flame,401,336,509,388
image_316_unstable.png,720,480,pilot flame,407,108,507,149
image_316_unstable.png,720,480,pilot flame,410,174,509,207
image_316_unstable.png,720,480,burner cap,481,236,508,270
image_317_unstable.png,720,480,stable,23,192,479,333
image_317_unstable.png,720,480,burner cap,479,235,516,269
image_317_unstable.png,720,480,pilot flame,397,114,509,152
image_317_unstable.png,720,480,pilot flame,405,170,512,211
image_317_unstable.png,720,480,pilot flame,442,290,508,331
image_317_unstable.png,720,480,pilot flame,397,337,505,387
image_318_stable.png,720,480,stable,303,189,478,308
image_318_stable.png,720,480,burner cap,478,226,508,268
image_319_stable.png,720,480,stable,322,187,475,318
image_319_stable.png,720,480,burner cap,476,230,506,269
image_31_unstable.png,720,480,unstable,340,187,475,310
image_31_unstable.png,720,480,burner cap,483,233,509,267
image_31_unstable.png,720,480,pilot flame,419,108,504,144
image_31_unstable.png,720,480,pilot flame,411,166,507,204
image_31_unstable.png,720,480,pilot flame,440,295,506,326
image_31_unstable.png,720,480,pilot flame,439,347,507,386
image_321_stable.png,720,480,stable,314,184,476,317
image_321_stable.png,720,480,burner cap,475,229,505,266
image_322_stable.png,720,480,stable,315,185,481,317
image_322_stable.png,720,480,burner cap,473,231,506,269
image_323_stable.png,720,480,stable,331,177,473,329
image_323_stable.png,720,480,burner cap,477,229,507,272
image_324_stable.png,720,480,stable,322,183,481,321
image_324_stable.png,720,480,burner cap,478,229,512,273
image_326_stable.png,720,480,stable,330,195,481,325
image_326_stable.png,720,480,burner cap,470,231,505,270
image_327_stable.png,720,480,stable,309,187,476,323
image_327_stable.png,720,480,burner cap,476,229,506,268
image_328_stable.png,720,480,stable,321,189,478,323
image_328_stable.png,720,480,burner cap,479,233,502,266
image_329_unstable.png,720,480,stable,357,213,477,302
image_329_unstable.png,720,480,burner cap,479,237,502,264
image_32_unstable.png,720,480,stable,371,209,479,295
image_32_unstable.png,720,480,pilot flame,402,111,504,148
image_32_unstable.png,720,480,pilot flame,412,172,507,204
image_32_unstable.png,720,480,burner cap,483,238,501,266
image_32_unstable.png,720,480,pilot flame,427,283,511,329
image_32_unstable.png,720,480,pilot flame,427,343,505,388
image_331_unstable.png,720,480,stable,375,209,475,299
image_331_unstable.png,720,480,burner cap,477,229,503,268
image_332_unstable.png,720,480,stable,376,201,473,291
image_332_unstable.png,720,480,burner cap,475,229,512,274
image_333_unstable.png,720,480,stable,359,211,475,305
image_333_unstable.png,720,480,burner cap,474,229,505,268
image_334_unstable.png,720,480,stable,343,202,469,304
image_334_unstable.png,720,480,burner cap,476,236,501,267
image_336_unstable.png,720,480,stable,355,199,480,312
image_336_unstable.png,720,480,burner cap,479,231,514,269
image_337_unstable.png,720,480,stable,344,208,482,302
image_337_unstable.png,720,480,burner cap,473,231,509,276
image_338_unstable.png,720,480,stable,347,200,480,298
image_338_unstable.png,720,480,burner cap,472,235,506,272
image_339_unstable.png,720,480,stable,343,194,477,303
image_339_unstable.png,720,480,burner cap,479,232,505,274
image_33_unstable.png,720,480,unstable,340,190,479,294
image_33_unstable.png,720,480,burner cap,472,233,502,267
image_33_unstable.png,720,480,pilot flame,422,102,503,145
image_33_unstable.png,720,480,pilot flame,415,172,507,205
image_33_unstable.png,720,480,pilot flame,426,289,502,320
image_33_unstable.png,720,480,pilot flame,435,344,507,385
image_341_stable.png,720,480,burner cap,479,234,504,267
image_341_stable.png,720,480,stable,316,201,477,313
image_342_stable.png,720,480,stable,325,215,477,309
image_342_stable.png,720,480,burner cap,476,234,506,272
image_343_stable.png,720,480,stable,334,199,477,312
image_343_stable.png,720,480,burner cap,477,227,505,266
image_344_stable.png,720,480,stable,340,210,479,304
image_344_stable.png,720,480,burner cap,477,234,504,268
image_346_stable.png,720,480,stable,347,209,475,307
image_346_stable.png,720,480,burner cap,477,229,505,276
image_347_stable.png,720,480,stable,357,205,483,308
image_347_stable.png,720,480,burner cap,477,229,506,272
image_348_stable.png,720,480,stable,352,203,471,312
image_348_stable.png,720,480,burner cap,475,229,503,270
image_349_stable.png,720,480,stable,321,202,485,315
image_349_stable.png,720,480,burner cap,476,230,503,265
image_34_unstable.png,720,480,unstable,344,197,477,287
image_34_unstable.png,720,480,burner cap,479,230,512,277
image_34_unstable.png,720,480,pilot flame,422,289,505,331
image_34_unstable.png,720,480,pilot flame,412,340,504,384
image_34_unstable.png,720,480,pilot flame,422,168,508,204
image_34_unstable.png,720,480,pilot flame,425,111,508,149
image_351_stable.png,720,480,stable,304,199,476,317
image_351_stable.png,720,480,burner cap,476,230,503,267
image_352_stable.png,720,480,stable,337,198,477,298
image_352_stable.png,720,480,burner cap,480,232,505,271
image_353_stable.png,720,480,stable,293,217,477,308
image_353_stable.png,720,480,burner cap,474,226,505,270
image_354_stable.png,720,480,stable,322,216,476,298
image_354_stable.png,720,480,burner cap,477,236,510,270
image_356_stable.png,720,480,stable,294,215,480,302
image_356_stable.png,720,480,burner cap,472,229,512,274
image_357_stable.png,720,480,stable,354,220,482,300
image_357_stable.png,720,480,burner cap,479,235,507,279
image_358_stable.png,720,480,stable,321,206,479,306
image_358_stable.png,720,480,burner cap,472,227,503,270
image_359_stable.png,720,480,stable,330,212,481,304
image_359_stable.png,720,480,burner cap,477,234,499,268
image_361_stable.png,720,480,stable,373,208,475,302
image_361_stable.png,720,480,burner cap,482,231,507,272
image_362_unstable.png,720,480,stable,372,218,480,294
image_362_unstable.png,720,480,burner cap,477,239,506,268
image_363_unstable.png,720,480,stable,378,219,475,293
image_363_unstable.png,720,480,burner cap,480,231,504,268
image_364_unstable.png,720,480,stable,393,212,475,290
image_364_unstable.png,720,480,burner cap,479,233,504,268
image_366_unstable.png,720,480,stable,379,206,479,288
image_366_unstable.png,720,480,burner cap,477,231,511,270
image_367_unstable.png,720,480,stable,382,215,479,290
image_367_unstable.png,720,480,burner cap,482,233,508,266
image_368_unstable.png,720,480,stable,357,215,479,294
image_368_unstable.png,720,480,burner cap,477,236,503,269
image_369_unstable.png,720,480,stable,365,212,483,291
image_369_unstable.png,720,480,burner cap,475,234,504,271
image_36_unstable.png,720,480,unstable,365,195,474,293
image_36_unstable.png,720,480,pilot flame,418,114,502,146
image_36_unstable.png,720,480,pilot flame,389,167,505,205
image_36_unstable.png,720,480,pilot flame,425,293,506,329
image_36_unstable.png,720,480,pilot flame,414,341,502,387
image_36_unstable.png,720,480,burner cap,480,237,502,269
image_371_unstable.png,720,480,stable,382,226,473,281
image_371_unstable.png,720,480,burner cap,480,234,501,266
image_372_unstable.png,720,480,stable,386,210,481,298
image_372_unstable.png,720,480,burner cap,479,235,507,272
image_373_unstable.png,720,480,stable,375,210,478,296
image_373_unstable.png,720,480,burner cap,480,233,512,272
image_374_unstable.png,720,480,stable,381,204,477,294
image_374_unstable.png,720,480,burner cap,477,235,502,264
image_376_stable.png,720,480,stable,316,204,472,316
image_376_stable.png,720,480,burner cap,477,231,507,267
image_377_stable.png,720,480,stable,309,195,477,333
image_377_stable.png,720,480,burner cap,474,233,508,268
image_378_stable.png,720,480,stable,307,197,477,309
image_378_stable.png,720,480,burner cap,478,229,502,268
image_379_stable.png,720,480,stable,306,209,482,318
image_379_stable.png,720,480,burner cap,479,225,502,274
image_37_unstable.png,720,480,stable,334,197,477,295
image_37_unstable.png,720,480,pilot flame,414,111,505,149
image_37_unstable.png,720,480,pilot flame,421,173,510,206
image_37_unstable.png,720,480,pilot flame,432,289,504,326
image_37_unstable.png,720,480,pilot flame,442,345,502,387
image_37_unstable.png,720,480,burner cap,472,233,504,269
image_381_stable.png,720,480,stable,304,205,473,314
image_381_stable.png,720,480,burner cap,476,224,505,269
image_382_stable.png,720,480,stable,296,208,483,318
image_382_stable.png,720,480,burner cap,476,230,509,268
image_383_stable.png,720,480,stable,302,202,482,319
image_383_stable.png,720,480,burner cap,475,237,507,266
image_384_stable.png,720,480,stable,273,215,477,324
image_384_stable.png,720,480,burner cap,478,229,509,270
image_386_unstable.png,720,480,stable,404,217,479,279
image_386_unstable.png,720,480,burner cap,478,232,512,266
image_387_unstable.png,720,480,stable,399,220,477,283
image_387_unstable.png,720,480,burner cap,481,228,512,266
image_388_unstable.png,720,480,stable,404,211,475,286
image_388_unstable.png,720,480,burner cap,481,234,510,270
image_389_unstable.png,720,480,stable,416,219,479,284
image_389_unstable.png,720,480,burner cap,475,234,509,262
image_38_unstable.png,720,480,unstable,386,210,482,288
image_38_unstable.png,720,480,pilot flame,429,111,501,148
image_38_unstable.png,720,480,pilot flame,421,168,514,202
image_38_unstable.png,720,480,pilot flame,433,294,515,324
image_38_unstable.png,720,480,pilot flame,416,336,504,384
image_38_unstable.png,720,480,burner cap,481,235,508,265
image_391_unstable.png,720,480,stable,380,213,476,286
image_391_unstable.png,720,480,burner cap,482,236,504,268
image_392_unstable.png,720,480,stable,411,226,479,280
image_392_unstable.png,720,480,burner cap,475,230,505,269
image_393_unstable.png,720,480,stable,400,223,482,281
image_393_unstable.png,720,480,burner cap,477,229,507,271
image_394_unstable.png,720,480,stable,415,218,479,284
image_394_unstable.png,720,480,burner cap,477,235,506,267
image_396_unstable.png,720,480,stable,394,215,476,283
image_396_unstable.png,720,480,burner cap,475,231,502,265
image_397_stable.png,720,480,stable,304,206,476,308
image_397_stable.png,720,480,burner cap,473,231,504,268
image_398_stable.png,720,480,stable,289,212,479,315
image_398_stable.png,720,480,burner cap,479,231,505,274
image_399_stable.png,720,480,stable,272,214,483,312
image_399_stable.png,720,480,burner cap,481,232,503,266
image_39_unstable.png,720,480,unstable,352,198,480,301
image_39_unstable.png,720,480,burner cap,478,236,510,273
image_39_unstable.png,720,480,pilot flame,411,108,503,144
image_39_unstable.png,720,480,pilot flame,413,170,507,205
image_39_unstable.png,720,480,pilot flame,425,290,508,322
image_39_unstable.png,720,480,pilot flame,422,341,502,384
image_3_unstable.png,720,480,pilot flame,434,116,503,144
image_3_unstable.png,720,480,pilot flame,423,176,507,202
image_3_unstable.png,720,480,pilot flame,437,285,514,331
image_3_unstable.png,720,480,pilot flame,423,347,503,389
image_3_unstable.png,720,480,unstable,371,199,479,290
image_3_unstable.png,720,480,burner cap,479,231,508,265
image_401_stable.png,720,480,stable,286,205,476,312
image_401_stable.png,720,480,burner cap,475,230,502,266
image_402_stable.png,720,480,stable,272,203,480,306
image_402_stable.png,720,480,burner cap,480,230,504,268
image_403_stable.png,720,480,stable,302,200,477,310
image_403_stable.png,720,480,burner cap,480,232,504,270
image_404_stable.png,720,480,stable,305,193,478,311
image_404_stable.png,720,480,burner cap,479,227,507,274
image_406_stable.png,720,480,stable,288,201,477,317
image_406_stable.png,720,480,burner cap,479,231,508,271
image_407_stable.png,720,480,stable,299,202,478,321
image_407_stable.png,720,480,burner cap,479,227,505,271
image_408_unstable.png,720,480,stable,290,216,481,313
image_408_unstable.png,720,480,burner cap,481,236,504,269
image_409_unstable.png,720,480,stable,294,220,477,296
image_409_unstable.png,720,480,burner cap,478,235,504,274
image_411_unstable.png,720,480,stable,330,212,479,303
image_411_unstable.png,720,480,burner cap,477,236,507,273
image_412_unstable.png,720,480,stable,333,209,475,307
image_412_unstable.png,720,480,burner cap,479,233,505,272
image_413_unstable.png,720,480,stable,296,206,479,316
image_413_unstable.png,720,480,burner cap,477,237,509,271
image_414_unstable.png,720,480,stable,293,204,481,311
image_414_unstable.png,720,480,burner cap,476,236,504,269
image_416_unstable.png,720,480,stable,277,222,481,310
image_416_unstable.png,720,480,burner cap,475,236,512,272
image_417_unstable.png,720,480,stable,337,212,477,307
image_417_unstable.png,720,480,burner cap,479,230,505,272
image_418_stable.png,720,480,stable,325,201,475,309
image_418_stable.png,720,480,burner cap,481,234,507,266
image_419_stable.png,720,480,stable,320,211,476,312
image_419_stable.png,720,480,burner cap,477,233,509,267
image_41_unstable.png,720,480,unstable,333,207,484,301
image_41_unstable.png,720,480,pilot flame,407,110,503,147
image_41_unstable.png,720,480,pilot flame,415,168,507,203
image_41_unstable.png,720,480,pilot flame,435,291,507,327
image_41_unstable.png,720,480,pilot flame,416,344,502,387
image_41_unstable.png,720,480,burner cap,483,230,505,264
image_421_stable.png,720,480,burner cap,482,235,507,266
image_421_stable.png,720,480,stable,302,213,482,313
image_422_stable.png,720,480,stable,336,209,472,299
image_422_stable.png,720,480,burner cap,479,232,511,268
image_423_stable.png,720,480,burner cap,475,233,511,268
image_423_stable.png,720,480,stable,318,216,473,304
image_424_stable.png,720,480,stable,271,205,476,320
image_424_stable.png,720,480,burner cap,478,232,511,270
image_426_stable.png,720,480,burner cap,473,229,508,269
image_426_stable.png,720,480,stable,317,213,480,320
image_427_stable.png,720,480,stable,300,204,474,313
image_427_stable.png,720,480,burner cap,478,233,512,269
image_428_stable.png,720,480,burner cap,480,236,511,271
image_428_stable.png,720,480,stable,298,213,476,310
image_429_unstable.png,720,480,burner cap,311,216,476,312
image_429_unstable.png,720,480,burner cap,477,234,505,274
image_42_unstable.png,720,480,stable,365,209,482,298
image_42_unstable.png,720,480,burner cap,479,235,507,268
image_42_unstable.png,720,480,pilot flame,430,111,502,143
image_42_unstable.png,720,480,pilot flame,413,169,507,205
image_42_unstable.png,720,480,pilot flame,436,292,508,323
image_42_unstable.png,720,480,pilot flame,426,343,504,384
image_431_unstable.png,720,480,stable,321,214,475,302
image_431_unstable.png,720,480,burner cap,474,233,508,269
image_432_unstable.png,720,480,burner cap,476,231,514,272
image_432_unstable.png,720,480,stable,261,208,475,315
image_433_unstable.png,720,480,stable,296,211,476,318
image_433_unstable.png,720,480,burner cap,475,235,506,270
image_434_unstable.png,720,480,burner cap,475,234,508,271
image_434_unstable.png,720,480,stable,255,219,473,316
image_436_unstable.png,720,480,stable,293,229,477,311
image_436_unstable.png,720,480,burner cap,474,234,504,273
image_437_unstable.png,720,480,stable,314,198,475,317
image_437_unstable.png,720,480,burner cap,476,233,512,270
image_438_unstable.png,720,480,stable,292,210,479,320
image_438_unstable.png,720,480,burner cap,476,236,509,276
image_439_unstable.png,720,480,burner cap,477,229,509,272
image_439_unstable.png,720,480,stable,270,202,477,322
image_43_unstable.png,720,480,unstable,372,220,476,283
image_43_unstable.png,720,480,burner cap,479,238,503,267
image_43_unstable.png,720,480,pilot flame,410,111,509,148
image_43_unstable.png,720,480,pilot flame,407,163,505,204
image_43_unstable.png,720,480,pilot flame,440,289,506,324
image_43_unstable.png,720,480,pilot flame,418,343,507,383
image_441_unstable.png,720,480,stable,198,204,482,316
image_441_unstable.png,720,480,burner cap,480,236,512,270
image_442_unstable.png,720,480,burner cap,482,234,507,273
image_442_unstable.png,720,480,stable,159,215,478,327
image_443_unstable.png,720,480,stable,199,214,479,309
image_443_unstable.png,720,480,burner cap,475,237,511,268
image_444_unstable.png,720,480,burner cap,472,233,508,269
image_444_unstable.png,720,480,burner cap,134,207,473,313
image_446_unstable.png,720,480,stable,262,216,479,312
image_446_unstable.png,720,480,burner cap,477,233,507,274
image_447_unstable.png,720,480,burner cap,476,235,511,270
image_447_unstable.png,720,480,stable,264,213,477,312
image_448_unstable.png,720,480,stable,278,222,482,306
image_448_unstable.png,720,480,burner cap,476,231,507,272
image_449_unstable.png,720,480,burner cap,480,234,512,272
image_449_unstable.png,720,480,stable,258,224,479,312
image_44_unstable.png,720,480,unstable,385,205,478,287
image_44_unstable.png,720,480,burner cap,477,233,504,265
image_44_unstable.png,720,480,pilot flame,416,114,507,149
image_44_unstable.png,720,480,pilot flame,413,168,505,207
image_44_unstable.png,720,480,pilot flame,426,289,504,324
image_44_unstable.png,720,480,pilot flame,418,345,507,389
image_451_unstable.png,720,480,burner cap,479,231,511,274
image_451_unstable.png,720,480,stable,240,196,476,320
image_452_unstable.png,720,480,burner cap,482,231,507,269
image_452_unstable.png,720,480,stable,246,221,482,315
image_453_unstable.png,720,480,stable,371,212,483,293
image_453_unstable.png,720,480,burner cap,480,233,509,270
image_454_unstable.png,720,480,burner cap,475,236,506,265
image_454_unstable.png,720,480,stable,351,221,478,293
image_456_unstable.png,720,480,stable,366,226,480,297
image_456_unstable.png,720,480,burner cap,479,237,508,273
image_457_unstable.png,720,480,burner cap,480,234,506,274
image_457_unstable.png,720,480,stable,350,215,480,297
image_458_unstable.png,720,480,stable,367,221,482,301
image_458_unstable.png,720,480,burner cap,477,234,512,271
image_459_unstable.png,720,480,burner cap,481,238,503,266
image_459_unstable.png,720,480,stable,359,221,480,298
image_461_unstable.png,720,480,stable,373,220,479,294
image_461_unstable.png,720,480,burner cap,478,236,506,270
image_462_unstable.png,720,480,burner cap,480,238,505,269
image_462_unstable.png,720,480,stable,370,224,479,298
image_463_unstable.png,720,480,stable,368,218,477,300
image_463_unstable.png,720,480,burner cap,480,237,507,268
image_464_stable.png,720,480,burner cap,478,231,503,268
image_464_stable.png,720,480,stable,349,223,478,297
image_464_stable.png,720,480,pilot flame,405,106,500,149
image_464_stable.png,720,480,pilot flame,408,173,502,202
image_464_stable.png,720,480,pilot flame,433,288,504,321
image_464_stable.png,720,480,pilot flame,402,337,506,384
image_466_stable.png,720,480,pilot flame,401,112,502,149
image_466_stable.png,720,480,pilot flame,398,166,508,209
image_466_stable.png,720,480,pilot flame,432,293,505,324
image_466_stable.png,720,480,pilot flame,405,346,503,389
image_466_stable.png,720,480,stable,330,212,479,295
image_466_stable.png,720,480,burner cap,480,236,507,268
image_467_stable.png,720,480,burner cap,480,234,505,270
image_467_stable.png,720,480,pilot flame,392,109,505,146
image_467_stable.png,720,480,pilot flame,401,162,508,203
image_467_stable.png,720,480,pilot flame,438,290,507,323
image_467_stable.png,720,480,pilot flame,407,338,502,387
image_467_stable.png,720,480,stable,338,215,482,298
image_468_stable.png,720,480,stable,327,217,478,299
image_468_stable.png,720,480,pilot flame,399,111,505,143
image_468_stable.png,720,480,pilot flame,394,164,505,205
image_468_stable.png,720,480,pilot flame,436,284,509,324
image_468_stable.png,720,480,pilot flame,390,338,504,387
image_468_stable.png,720,480,burner cap,475,234,508,270
image_469_stable.png,720,480,burner cap,479,235,507,269
image_469_stable.png,720,480,pilot flame,419,111,506,151
image_469_stable.png,720,480,pilot flame,394,171,509,206
image_469_stable.png,720,480,pilot flame,432,288,506,324
image_469_stable.png,720,480,pilot flame,405,338,502,381
image_469_stable.png,720,480,stable,287,212,477,301
image_46_unstable.png,720,480,unstable,362,215,480,290
image_46_unstable.png,720,480,burner cap,475,237,505,267
image_46_unstable.png,720,480,pilot flame,402,111,503,148
image_46_unstable.png,720,480,pilot flame,420,173,507,209
image_46_unstable.png,720,480,pilot flame,423,290,512,327
image_46_unstable.png,720,480,pilot flame,409,348,505,386
image_471_stable.png,720,480,stable,337,208,476,302
image_471_stable.png,720,480,burner cap,479,234,502,267
image_471_stable.png,720,480,pilot flame,406,112,505,142
image_471_stable.png,720,480,pilot flame,398,166,508,216
image_471_stable.png,720,480,pilot flame,423,293,509,326
image_471_stable.png,720,480,pilot flame,390,341,507,384
image_472_stable.png,720,480,pilot flame,396,110,505,154
image_472_stable.png,720,480,pilot flame,401,173,511,205
image_472_stable.png,720,480,pilot flame,437,289,507,324
image_472_stable.png,720,480,pilot flame,406,334,507,384
image_472_stable.png,720,480,stable,294,213,478,306
image_472_stable.png,720,480,burner cap,480,238,507,273
image_473_stable.png,720,480,burner cap,482,229,506,269
image_473_stable.png,720,480,stable,310,215,481,300
image_473_stable.png,720,480,pilot flame,433,110,508,143
image_473_stable.png,720,480,pilot flame,414,169,509,205
image_473_stable.png,720,480,pilot flame,432,286,505,326
image_473_stable.png,720,480,pilot flame,417,338,508,385
image_474_unstable.png,720,480,pilot flame,394,111,507,151
image_474_unstable.png,720,480,pilot flame,398,171,509,207
image_474_unstable.png,720,480,pilot flame,444,290,507,330
image_474_unstable.png,720,480,pilot flame,416,343,510,388
image_474_unstable.png,720,480,burner cap,479,238,506,269
image_474_unstable.png,720,480,stable,339,205,483,304
image_476_unstable.png,720,480,burner cap,479,237,505,266
image_476_unstable.png,720,480,stable,311,209,478,302
image_476_unstable.png,720,480,pilot flame,406,112,507,146
image_476_unstable.png,720,480,pilot flame,421,172,507,203
image_476_unstable.png,720,480,pilot flame,449,287,509,324
image_476_unstable.png,720,480,pilot flame,382,337,506,386
image_477_unstable.png,720,480,pilot flame,412,111,508,148
image_477_unstable.png,720,480,pilot flame,426,295,508,324
image_477_unstable.png,720,480,pilot flame,395,342,505,383
image_477_unstable.png,720,480,pilot flame,415,174,509,205
image_477_unstable.png,720,480,burner cap,479,235,506,266
image_477_unstable.png,720,480,stable,364,212,479,297
image_478_unstable.png,720,480,stable,350,215,480,293
image_478_unstable.png,720,480,burner cap,479,234,507,269
image_478_unstable.png,720,480,pilot flame,394,108,505,150
image_478_unstable.png,720,480,pilot flame,409,169,508,202
image_478_unstable.png,720,480,pilot flame,421,293,507,326
image_478_unstable.png,720,480,pilot flame,387,334,509,386
image_479_unstable.png,720,480,pilot flame,401,340,503,383
image_479_unstable.png,720,480,pilot flame,437,290,509,322
image_479_unstable.png,720,480,pilot flame,398,111,506,150
image_479_unstable.png,720,480,pilot flame,409,170,506,205
image_479_unstable.png,720,480,burner cap,479,238,509,268
image_479_unstable.png,720,480,stable,359,218,480,296
image_47_unstable.png,720,480,unstable,375,223,479,283
image_47_unstable.png,720,480,burner cap,479,233,504,265
image_47_unstable.png,720,480,pilot flame,421,110,506,146
image_47_unstable.png,720,480,pilot flame,411,171,504,207
image_47_unstable.png,720,480,pilot flame,432,291,508,326
image_47_unstable.png,720,480,pilot flame,414,343,509,384
image_481_unstable.png,720,480,pilot flame,384,106,505,147
image_481_unstable.png,720,480,pilot flame,416,170,507,203
image_481_unstable.png,720,480,pilot flame,430,288,507,328
image_481_unstable.png,720,480,pilot flame,412,345,506,390
image_481_unstable.png,720,480,burner cap,477,235,508,271
image_481_unstable.png,720,480,stable,350,219,477,295
image_482_unstable.png,720,480,stable,355,218,477,300
image_482_unstable.png,720,480,burner cap,482,238,507,271
image_482_unstable.png,720,480,pilot flame,397,113,509,144
image_482_unstable.png,720,480,pilot flame,404,172,507,201
image_482_unstable.png,720,480,pilot flame,440,292,507,327
image_482_unstable.png,720,480,pilot flame,398,342,503,386
image_483_unstable.png,720,480,pilot flame,403,115,505,152
image_483_unstable.png,720,480,pilot flame,409,172,507,201
image_483_unstable.png,720,480,pilot flame,435,295,512,323
image_483_unstable.png,720,480,pilot flame,403,338,508,383
image_483_unstable.png,720,480,burner cap,477,237,512,269
image_483_unstable.png,720,480,stable,314,208,480,305
image_484_unstable.png,720,480,burner cap,474,236,509,273
image_484_unstable.png,720,480,stable,328,205,473,302
image_484_unstable.png,720,480,pilot flame,401,104,501,149
image_484_unstable.png,720,480,pilot flame,409,173,508,206
image_484_unstable.png,720,480,pilot flame,434,290,510,329
image_484_unstable.png,720,480,pilot flame,404,338,510,393
image_486_unstable.png,720,480,pilot flame,387,106,502,151
image_486_unstable.png,720,480,pilot flame,404,174,507,201
image_486_unstable.png,720,480,pilot flame,421,297,511,327
image_486_unstable.png,720,480,pilot flame,395,331,508,385
image_486_unstable.png,720,480,burner cap,478,233,507,266
image_486_unstable.png,720,480,stable,341,204,480,301
image_487_unstable.png,720,480,stable,362,210,483,296
image_487_unstable.png,720,480,burner cap,479,237,508,267
image_487_unstable.png,720,480,pilot flame,401,111,509,149
image_487_unstable.png,720,480,pilot flame,419,176,507,200
image_487_unstable.png,720,480,pilot flame,414,284,506,327
image_487_unstable.png,720,480,pilot flame,390,340,505,390
image_488_unstable.png,720,480,pilot flame,424,110,505,147
image_488_unstable.png,720,480,pilot flame,421,174,505,208
image_488_unstable.png,720,480,pilot flame,426,286,506,327
image_488_unstable.png,720,480,pilot flame,396,341,502,387
image_488_unstable.png,720,480,burner cap,482,234,509,268
image_488_unstable.png,720,480,stable,326,204,486,295
image_489_unstable.png,720,480,stable,376,214,483,290
image_489_unstable.png,720,480,burner cap,480,236,502,266
image_489_unstable.png,720,480,pilot flame,419,173,507,206
image_489_unstable.png,720,480,pilot flame,407,114,505,148
image_489_unstable.png,720,480,burner cap,424,290,508,323
image_489_unstable.png,720,480,burner cap,391,344,505,388
image_48_unstable.png,720,480,burner cap,421,113,501,149
image_48_unstable.png,720,480,burner cap,416,170,505,205
image_48_unstable.png,720,480,burner cap,437,291,509,328
image_48_unstable.png,720,480,burner cap,410,343,504,384
image_48_unstable.png,720,480,stable,378,211,479,284
image_48_unstable.png,720,480,burner cap,476,234,511,273
image_491_unstable.png,720,480,burner cap,479,233,511,274
image_491_unstable.png,720,480,stable,386,216,480,283
image_491_unstable.png,720,480,pilot flame,398,118,505,149
image_491_unstable.png,720,480,pilot flame,408,170,504,203
image_491_unstable.png,720,480,pilot flame,436,293,507,324
image_491_unstable.png,720,480,pilot flame,409,342,507,392
image_492_unstable.png,720,480,pilot flame,400,340,508,382
image_492_unstable.png,720,480,pilot flame,444,292,505,326
image_492_unstable.png,720,480,pilot flame,415,172,507,203
image_492_unstable.png,720,480,pilot flame,406,118,509,145
image_492_unstable.png,720,480,stable,354,208,476,295
image_492_unstable.png,720,480,burner cap,480,227,505,270
image_493_unstable.png,720,480,burner cap,478,229,506,269
image_493_unstable.png,720,480,stable,380,219,477,287
image_493_unstable.png,720,480,pilot flame,395,111,502,146
image_493_unstable.png,720,480,pilot flame,418,163,506,209
image_493_unstable.png,720,480,pilot flame,436,289,504,326
image_493_unstable.png,720,480,pilot flame,394,338,508,384
image_494_unstable.png,720,480,pilot flame,408,334,507,383
image_494_unstable.png,720,480,pilot flame,437,289,512,328
image_494_unstable.png,720,480,pilot flame,425,169,505,204
image_494_unstable.png,720,480,pilot flame,397,112,504,147
image_494_unstable.png,720,480,stable,326,212,484,293
image_494_unstable.png,720,480,burner cap,478,236,511,267
image_496_unstable.png,720,480,burner cap,476,234,509,270
image_496_unstable.png,720,480,stable,334,213,479,294
image_496_unstable.png,720,480,pilot flame,402,347,508,386
image_496_unstable.png,720,480,pilot flame,434,285,508,327
image_496_unstable.png,720,480,pilot flame,398,174,507,202
image_496_unstable.png,720,480,pilot flame,419,113,505,147
image_497_unstable.png,720,480,pilot flame,405,108,507,159
image_497_unstable.png,720,480,pilot flame,406,172,511,205
image_497_unstable.png,720,480,pilot flame,432,283,509,327
image_497_unstable.png,720,480,pilot flame,401,336,499,388
image_497_unstable.png,720,480,stable,329,213,477,298
image_497_unstable.png,720,480,burner cap,479,237,508,270
image_498_unstable.png,720,480,burner cap,476,235,508,272
image_498_unstable.png,720,480,stable,334,212,476,298
image_498_unstable.png,720,480,pilot flame,387,109,507,156
image_498_unstable.png,720,480,pilot flame,411,172,508,206
image_498_unstable.png,720,480,pilot flame,433,288,505,329
image_498_unstable.png,720,480,pilot flame,412,343,508,386
image_499_unstable.png,720,480,pilot flame,410,106,502,143
image_499_unstable.png,720,480,pilot flame,422,173,505,199
image_499_unstable.png,720,480,pilot flame,439,292,507,324
image_499_unstable.png,720,480,pilot flame,408,339,500,383
image_499_unstable.png,720,480,stable,347,212,479,293
image_499_unstable.png,720,480,burner cap,483,235,508,266
image_49_unstable.png,720,480,pilot flame,422,116,508,146
image_49_unstable.png,720,480,pilot flame,396,169,501,201
image_49_unstable.png,720,480,pilot flame,431,292,505,323
image_49_unstable.png,720,480,pilot flame,427,351,506,382
image_49_unstable.png,720,480,burner cap,478,237,506,265
image_49_unstable.png,720,480,stable,369,218,473,288
image_4_unstable.png,720,480,burner cap,476,234,504,261
image_4_unstable.png,720,480,unstable,334,194,477,296
image_4_unstable.png,720,480,pilot flame,440,113,507,140
image_4_unstable.png,720,480,pilot flame,421,172,508,204
image_4_unstable.png,720,480,pilot flame,435,290,505,322
image_4_unstable.png,720,480,pilot flame,408,338,509,386
image_501_unstable.png,720,480,pilot flame,402,111,500,144
image_501_unstable.png,720,480,pilot flame,407,175,507,202
image_501_unstable.png,720,480,pilot flame,436,294,507,323
image_501_unstable.png,720,480,pilot flame,409,341,505,387
image_501_unstable.png,720,480,stabel,323,213,478,302
image_501_unstable.png,720,480,burner cap,481,240,514,272
image_502_unstable.png,720,480,burner cap,475,240,508,269
image_502_unstable.png,720,480,stable,347,215,480,296
image_502_unstable.png,720,480,pilot flame,402,109,507,146
image_502_unstable.png,720,480,pilot flame,390,169,509,212
image_502_unstable.png,720,480,pilot flame,436,290,512,327
image_502_unstable.png,720,480,pilot flame,416,339,509,388
image_503_unstable.png,720,480,pilot flame,402,109,505,147
image_503_unstable.png,720,480,pilot flame,415,174,508,202
image_503_unstable.png,720,480,pilot flame,434,288,506,326
image_503_unstable.png,720,480,pilot flame,400,344,508,386
image_503_unstable.png,720,480,stable,341,215,484,295
image_503_unstable.png,720,480,burner cap,479,234,511,271
image_504_unstable.png,720,480,burner cap,483,237,507,270
image_504_unstable.png,720,480,stable,330,216,482,299
image_504_unstable.png,720,480,pilot flame,415,113,508,148
image_504_unstable.png,720,480,pilot flame,404,170,505,207
image_504_unstable.png,720,480,pilot flame,436,289,504,326
image_504_unstable.png,720,480,pilot flame,408,343,509,384
image_506_unstable.png,720,480,pilot flame,404,336,506,387
image_506_unstable.png,720,480,pilot flame,429,291,509,324
image_506_unstable.png,720,480,pilot flame,409,171,509,204
image_506_unstable.png,720,480,pilot flame,416,112,505,146
image_506_unstable.png,720,480,stable,337,214,482,299
image_506_unstable.png,720,480,burner cap,480,234,509,270
image_507_stable.png,720,480,burner cap,476,233,507,268
image_507_stable.png,720,480,stable,253,200,481,301
image_507_stable.png,720,480,pilot flame,417,114,509,142
image_507_stable.png,720,480,pilot flame,407,168,509,208
image_507_stable.png,720,480,pilot flame,439,292,509,325
image_507_stable.png,720,480,pilot flame,393,345,509,388
image_508_stable.png,720,480,pilot flame,384,110,505,149
image_508_stable.png,720,480,pilot flame,396,167,504,208
image_508_stable.png,720,480,pilot flame,436,288,508,328
image_508_stable.png,720,480,pilot flame,411,343,504,391
image_508_stable.png,720,480,stable,173,223,483,304
image_508_stable.png,720,480,burner cap,483,238,506,269
image_509_stable.png,720,480,burner cap,476,238,505,269
image_509_stable.png,720,480,stable,287,218,477,299
image_509_stable.png,720,480,pilot flame,421,112,506,144
image_509_stable.png,720,480,pilot flame,411,169,507,203
image_509_stable.png,720,480,pilot flame,436,292,513,327
image_509_stable.png,720,480,pilot flame,387,336,507,388
image_511_stable.png,720,480,pilot flame,398,111,505,152
image_511_stable.png,720,480,pilot flame,410,169,503,202
image_511_stable.png,720,480,pilot flame,427,291,509,328
image_511_stable.png,720,480,pilot flame,407,343,507,385
image_511_stable.png,720,480,stable,314,212,481,306
image_511_stable.png,720,480,burner cap,482,236,510,271
image_512_stable.png,720,480,burner cap,477,231,505,272
image_512_stable.png,720,480,stable,280,216,480,303
image_512_stable.png,720,480,pilot flame,385,101,507,152
image_512_stable.png,720,480,pilot flame,396,169,509,206
image_512_stable.png,720,480,pilot flame,434,290,509,327
image_512_stable.png,720,480,pilot flame,405,343,508,388
image_513_stable.png,720,480,pilot flame,398,113,504,148
image_513_stable.png,720,480,pilot flame,415,167,508,208
image_513_stable.png,720,480,pilot flame,435,291,508,327
image_513_stable.png,720,480,pilot flame,407,341,505,388
image_513_stable.png,720,480,stable,286,211,483,315
image_513_stable.png,720,480,burner cap,481,238,504,272
image_514_stable.png,720,480,burner cap,480,237,509,273
image_514_stable.png,720,480,stable,252,218,477,311
image_514_stable.png,720,480,pilot flame,375,110,506,152
image_514_stable.png,720,480,pilot flame,414,171,511,201
image_514_stable.png,720,480,pilot flame,429,287,515,329
image_514_stable.png,720,480,pilot flame,395,340,514,388
image_516_stable.png,720,480,pilot flame,383,114,505,148
image_516_stable.png,720,480,pilot flame,414,177,509,205
image_516_stable.png,720,480,pilot flame,436,294,509,326
image_516_stable.png,720,480,pilot flame,397,334,504,385
image_516_stable.png,720,480,burner cap,473,232,509,270
image_516_stable.png,720,480,stable,261,220,473,308
image_517_stable.png,720,480,stable,237,215,475,306
image_517_stable.png,720,480,burner cap,483,234,510,267
image_517_stable.png,720,480,pilot flame,404,115,507,148
image_517_stable.png,720,480,pilot flame,412,169,509,204
image_517_stable.png,720,480,pilot flame,440,297,512,320
image_517_stable.png,720,480,pilot flame,397,335,505,387
image_518_stable.png,720,480,pilot flame,403,116,505,142
image_518_stable.png,720,480,pilot flame,389,165,503,203
image_518_stable.png,720,480,pilot flame,444,292,505,327
image_518_stable.png,720,480,pilot flame,407,338,508,390
image_518_stable.png,720,480,burner cap,479,236,505,272
image_518_stable.png,720,480,stable,175,229,476,304
image_519_stable.png,720,480,stable,191,215,482,311
image_519_stable.png,720,480,burner cap,483,238,505,267
image_519_stable.png,720,480,pilot flame,402,109,503,145
image_519_stable.png,720,480,pilot flame,416,166,505,199
image_519_stable.png,720,480,pilot flame,438,291,506,322
image_519_stable.png,720,480,pilot flame,412,340,510,388
image_51_unstable.png,720,480,pilot flame,426,109,502,143
image_51_unstable.png,720,480,pilot flame,414,173,511,209
image_51_unstable.png,720,480,pilot flame,431,289,509,327
image_51_unstable.png,720,480,pilot flame,414,338,504,389
image_51_unstable.png,720,480,unstable,357,207,481,299
image_51_unstable.png,720,480,burner cap,476,231,510,267
image_521_stable.png,720,480,burner cap,480,234,513,266
image_521_stable.png,720,480,stable,225,212,480,305
image_521_stable.png,720,480,pilot flame,394,104,508,148
image_521_stable.png,720,480,pilot flame,423,165,511,209
image_521_stable.png,720,480,pilot flame,440,293,512,327
image_521_stable.png,720,480,pilot flame,384,339,504,384
image_522_stable.png,720,480,pilot flame,390,103,499,152
image_522_stable.png,720,480,pilot flame,426,168,504,205
image_522_stable.png,720,480,pilot flame,435,287,505,329
image_522_stable.png,720,480,pilot flame,412,341,506,388
image_522_stable.png,720,480,stable,238,208,486,301
image_522_stable.png,720,480,burner cap,480,238,511,275
image_523_stable.png,720,480,burner cap,482,238,506,270
image_523_stable.png,720,480,stable,221,215,482,306
image_523_stable.png,720,480,pilot flame,393,116,504,147
image_523_stable.png,720,480,pilot flame,411,173,508,204
image_523_stable.png,720,480,pilot flame,443,290,507,327
image_523_stable.png,720,480,pilot flame,407,340,504,387
image_524_stable.png,720,480,pilot flame,389,113,507,150
image_524_stable.png,720,480,pilot flame,417,169,506,204
image_524_stable.png,720,480,pilot flame,443,294,508,324
image_524_stable.png,720,480,pilot flame,397,337,506,380
image_524_stable.png,720,480,stable,220,219,481,304
image_524_stable.png,720,480,burner cap,480,235,508,270
image_526_stable.png,720,480,burner cap,483,235,511,273
image_526_stable.png,720,480,stable,214,227,481,305
image_526_stable.png,720,480,pilot flame,416,109,504,143
image_526_stable.png,720,480,pilot flame,416,174,511,204
image_526_stable.png,720,480,pilot flame,446,292,508,323
image_526_stable.png,720,480,pilot flame,403,342,508,387
image_527_stable.png,720,480,pilot flame,405,107,504,150
image_527_stable.png,720,480,pilot flame,403,171,508,202
image_527_stable.png,720,480,pilot flame,446,292,508,325
image_527_stable.png,720,480,pilot flame,389,344,506,387
image_527_stable.png,720,480,stability,160,226,483,306
image_527_stable.png,720,480,burner cap,479,239,514,276
image_528_unstable.png,720,480,burner cap,480,231,513,272
image_528_unstable.png,720,480,stable,330,211,480,284
image_528_unstable.png,720,480,pilot flame,406,114,508,144
image_528_unstable.png,720,480,pilot flame,407,170,508,202
image_528_unstable.png,720,480,pilot flame,436,294,505,327
image_528_unstable.png,720,480,pilot flame,391,336,508,387
image_529_unstable.png,720,480,pilot flame,411,114,507,147
image_529_unstable.png,720,480,pilot flame,402,168,505,205
image_529_unstable.png,720,480,pilot flame,440,293,511,330
image_529_unstable.png,720,480,pilot flame,404,345,507,386
image_529_unstable.png,720,480,burner cap,481,234,508,273
image_529_unstable.png,720,480,stable,299,205,482,304
image_52_unstable.png,720,480,unstable,372,222,478,285
image_52_unstable.png,720,480,burner cap,477,233,510,269
image_52_unstable.png,720,480,pilot flame,422,291,509,329
image_52_unstable.png,720,480,pilot flame,430,348,502,382
image_52_unstable.png,720,480,pilot flame,411,168,504,206
image_52_unstable.png,720,480,pilot flame,414,105,502,143
image_531_unstable.png,720,480,pilot flame,416,108,509,144
image_531_unstable.png,720,480,pilot flame,428,169,506,205
image_531_unstable.png,720,480,pilot flame,447,293,504,326
image_531_unstable.png,720,480,pilot flame,408,344,505,387
image_531_unstable.png,720,480,stable,374,219,481,300
image_531_unstable.png,720,480,burner cap,480,235,512,270
image_532_unstable.png,720,480,burner cap,481,230,507,271
image_532_unstable.png,720,480,stable,374,214,482,293
image_532_unstable.png,720,480,pilot flame,414,109,504,147
image_532_unstable.png,720,480,pilot flame,422,164,506,205
image_532_unstable.png,720,480,pilot flame,446,294,507,324
image_532_unstable.png,720,480,pilot flame,422,345,508,391
image_533_unstable.png,720,480,pilot flame,398,103,506,149
image_533_unstable.png,720,480,pilot flame,419,172,502,206
image_533_unstable.png,720,480,pilot flame,438,294,507,322
image_533_unstable.png,720,480,pilot flame,418,338,508,384
image_533_unstable.png,720,480,stable,365,214,482,298
image_533_unstable.png,720,480,burner cap,483,238,509,269
image_534_unstable.png,720,480,burner cap,480,231,505,269
image_534_unstable.png,720,480,stable,345,214,484,290
image_534_unstable.png,720,480,pilot flame,400,106,505,147
image_534_unstable.png,720,480,pilot flame,423,167,507,203
image_534_unstable.png,720,480,pilot flame,433,290,506,320
image_534_unstable.png,720,480,pilot flame,407,341,510,387
image_536_unstable.png,720,480,pilot flame,403,115,505,145
image_536_unstable.png,720,480,pilot flame,421,172,508,206
image_536_unstable.png,720,480,pilot flame,436,293,508,324
image_536_unstable.png,720,480,pilot flame,404,349,505,387
image_536_unstable.png,720,480,stable,377,220,482,292
image_536_unstable.png,720,480,burner cap,477,234,508,268
image_537_unstable.png,720,480,burner cap,481,237,509,268
image_537_unstable.png,720,480,stable,370,215,477,293
image_537_unstable.png,720,480,pilot flame,394,112,512,148
image_537_unstable.png,720,480,pilot flame,416,170,507,204
image_537_unstable.png,720,480,pilot flame,450,295,507,325
image_537_unstable.png,720,480,pilot flame,418,344,505,383
image_538_unstable.png,720,480,pilot flame,420,112,504,145
image_538_unstable.png,720,480,pilot flame,416,165,504,208
image_538_unstable.png,720,480,pilot flame,430,294,508,327
image_538_unstable.png,720,480,pilot flame,403,343,502,383
image_538_unstable.png,720,480,burner cap,478,238,508,269
image_538_unstable.png,720,480,stable,369,214,477,292
image_539_stable.png,720,480,stable,261,219,480,315
image_539_stable.png,720,480,burner cap,483,236,506,268
image_539_stable.png,720,480,pilot flame,399,114,508,147
image_539_stable.png,720,480,pilot flame,419,168,507,204
image_539_stable.png,720,480,pilot flame,442,294,507,326
image_539_stable.png,720,480,pilot flame,393,343,507,381
image_53_unstable.png,720,480,unstable,325,187,475,298
image_53_unstable.png,720,480,burner cap,481,234,502,262
image_541_stable.png,720,480,stable,364,201,487,293
image_541_stable.png,720,480,burner cap,481,235,511,269
image_541_stable.png,720,480,pilot flame,396,113,504,141
image_541_stable.png,720,480,pilot flame,418,172,508,199
image_541_stable.png,720,480,pilot flame,420,288,509,326
image_541_stable.png,720,480,pilot flame,394,349,509,384
image_542_stable.png,720,480,pilot flame,375,111,504,146
image_542_stable.png,720,480,pilot flame,427,177,511,202
image_542_stable.png,720,480,pilot flame,432,288,512,325
image_542_stable.png,720,480,pilot flame,404,340,508,384
image_542_stable.png,720,480,stable,252,221,475,307
image_542_stable.png,720,480,burner cap,484,236,510,272
image_543_stable.png,720,480,burner cap,484,236,515,274
image_543_stable.png,720,480,stable,228,210,479,306
image_543_stable.png,720,480,pilot flame,396,115,506,144
image_543_stable.png,720,480,pilot flame,414,174,505,203
image_543_stable.png,720,480,pilot flame,425,290,511,323
image_543_stable.png,720,480,pilot flame,397,337,510,384
image_544_stable.png,720,480,pilot flame,408,111,505,146
image_544_stable.png,720,480,pilot flame,420,176,509,204
image_544_stable.png,720,480,pilot flame,441,293,515,327
image_544_stable.png,720,480,pilot flame,421,342,507,386
image_544_stable.png,720,480,stable,227,209,483,299
image_544_stable.png,720,480,burner cap,483,234,508,270
image_546_stable.png,720,480,burner cap,479,237,509,268
image_546_stable.png,720,480,stable,243,211,482,302
image_546_stable.png,720,480,pilot flame,371,110,505,148
image_546_stable.png,720,480,pilot flame,420,169,507,208
image_546_stable.png,720,480,pilot flame,432,288,505,323
image_546_stable.png,720,480,pilot flame,386,339,506,383
image_547_stable.png,720,480,pilot flame,389,113,505,145
image_547_stable.png,720,480,pilot flame,395,172,508,206
image_547_stable.png,720,480,pilot flame,437,292,514,329
image_547_stable.png,720,480,pilot flame,402,341,504,382
image_547_stable.png,720,480,stable,223,222,484,301
image_547_stable.png,720,480,burner cap,482,233,511,273
image_548_stable.png,720,480,burner cap,482,233,508,263
image_548_stable.png,720,480,stable,336,219,482,283
image_548_stable.png,720,480,pilot flame,433,176,509,202
image_548_stable.png,720,480,pilot flame,417,115,512,142
image_548_stable.png,720,480,pilot flame,438,291,515,325
image_548_stable.png,720,480,pilot flame,403,338,508,380
image_549_stable.png,720,480,pilot flame,407,111,505,148
image_549_stable.png,720,480,pilot flame,428,172,508,201
image_549_stable.png,720,480,pilot flame,428,290,511,325
image_549_stable.png,720,480,pilot flame,394,340,505,381
image_549_stable.png,720,480,stable,374,218,479,283
image_549_stable.png,720,480,stable,479,236,508,269
image_54_unstable.png,720,480,unstable,329,183,483,305
image_54_unstable.png,720,480,burner cap,475,235,510,265
image_551_unstable.png,720,480,burner cap,477,233,508,270
image_551_unstable.png,720,480,stable,212,218,483,312
image_551_unstable.png,720,480,pilot flame,438,296,512,329
image_551_unstable.png,720,480,pilot flame,379,337,508,382
image_551_unstable.png,720,480,pilot flame,399,174,509,205
image_551_unstable.png,720,480,pilot flame,378,115,509,143
image_552_unstable.png,720,480,pilot flame,400,119,507,148
image_552_unstable.png,720,480,pilot flame,423,169,514,201
image_552_unstable.png,720,480,pilot flame,438,291,508,323
image_552_unstable.png,720,480,pilot flame,401,343,508,386
image_552_unstable.png,720,480,stable,240,223,482,295
image_552_unstable.png,720,480,burner cap,482,238,507,264
image_553_unstable.png,720,480,burner cap,480,237,507,271
image_553_unstable.png,720,480,stable,149,222,480,315
image_553_unstable.png,720,480,pilot flame,447,293,508,320
image_553_unstable.png,720,480,pilot flame,402,340,505,379
image_553_unstable.png,720,480,pilot flame,402,175,507,203
image_553_unstable.png,720,480,pilot flame,393,109,505,153
image_554_unstable.png,720,480,pilot flame,399,112,511,145
image_554_unstable.png,720,480,pilot flame,404,171,512,203
image_554_unstable.png,720,480,pilot flame,438,291,508,325
image_554_unstable.png,720,480,pilot flame,399,337,507,386
image_554_unstable.png,720,480,stable,159,201,481,311
image_554_unstable.png,720,480,burner cap,481,236,513,277
image_556_unstable.png,720,480,burner cap,478,230,511,270
image_556_unstable.png,720,480,stable,176,221,482,306
image_556_unstable.png,720,480,pilot flame,400,108,506,143
image_556_unstable.png,720,480,pilot flame,413,172,509,204
image_556_unstable.png,720,480,pilot flame,447,287,507,326
image_556_unstable.png,720,480,pilot flame,379,329,509,390
image_557_unstable.png,720,480,pilot flame,404,345,506,384
image_557_unstable.png,720,480,pilot flame,430,290,508,324
image_557_unstable.png,720,480,pilot flame,408,166,510,206
image_557_unstable.png,720,480,pilot flame,389,113,505,143
image_557_unstable.png,720,480,stable,222,216,476,312
image_557_unstable.png,720,480,burner cap,483,234,508,271
image_558_unstable.png,720,480,burner cap,483,236,507,269
image_558_unstable.png,720,480,stable,159,218,479,307
image_558_unstable.png,720,480,pilot flame,393,110,506,147
image_558_unstable.png,720,480,pilot flame,394,176,509,209
image_558_unstable.png,720,480,pilot flame,429,293,510,325
image_558_unstable.png,720,480,pilot flame,404,339,502,383
image_559_unstable.png,720,480,pilot flame,374,111,505,148
image_559_unstable.png,720,480,pilot flame,427,170,507,209
image_559_unstable.png,720,480,pilot flame,439,290,510,320
image_559_unstable.png,720,480,pilot flame,404,340,505,385
image_559_unstable.png,720,480,stable,162,217,487,308
image_559_unstable.png,720,480,burner cap,481,237,517,276
image_561_unstable.png,720,480,burner cap,482,235,509,269
image_561_unstable.png,720,480,stable,147,206,480,312
image_561_unstable.png,720,480,pilot flame,406,110,507,141
image_561_unstable.png,720,480,pilot flame,422,174,504,202
image_561_unstable.png,720,480,pilot flame,431,294,506,324
image_561_unstable.png,720,480,pilot flame,401,337,504,384
image_562_unstable.png,720,480,pilot flame,371,104,504,148
image_562_unstable.png,720,480,pilot flame,406,164,506,208
image_562_unstable.png,720,480,pilot flame,430,292,510,324
image_562_unstable.png,720,480,pilot flame,412,345,507,383
image_562_unstable.png,720,480,stable,97,222,485,306
image_562_unstable.png,720,480,burner cap,483,233,505,270
image_563_unstable.png,720,480,burner cap,480,231,511,268
image_563_unstable.png,720,480,stable,409,229,477,280
image_563_unstable.png,720,480,pilot flame,399,116,504,147
image_563_unstable.png,720,480,pilot flame,415,172,511,202
image_563_unstable.png,720,480,pilot flame,438,287,505,322
image_563_unstable.png,720,480,pilot flame,423,342,507,383
image_564_unstable.png,720,480,pilot flame,404,116,504,145
image_564_unstable.png,720,480,pilot flame,419,174,507,206
image_564_unstable.png,720,480,pilot flame,421,294,505,326
image_564_unstable.png,720,480,pilot flame,383,341,507,383
image_564_unstable.png,720,480,stable,375,218,484,282
image_564_unstable.png,720,480,burner cap,482,231,508,266
image_566_unstable.png,720,480,burner cap,483,235,508,270
image_566_unstable.png,720,480,stable,379,220,477,277
image_566_unstable.png,720,480,pilot flame,422,112,512,145
image_566_unstable.png,720,480,pilot flame,426,166,505,203
image_566_unstable.png,720,480,pilot flame,432,291,507,324
image_566_unstable.png,720,480,pilot flame,404,336,508,385
image_567_unstable.png,720,480,pilot flame,411,114,502,146
image_567_unstable.png,720,480,pilot flame,422,170,510,206
image_567_unstable.png,720,480,pilot flame,433,292,507,326
image_567_unstable.png,720,480,pilot flame,407,336,506,386
image_567_unstable.png,720,480,stable,383,216,477,289
image_567_unstable.png,720,480,burner cap,476,235,512,265
image_568_unstable.png,720,480,burner cap,480,234,504,266
image_568_unstable.png,720,480,stable,390,220,481,288
image_568_unstable.png,720,480,pilot flame,400,106,507,148
image_568_unstable.png,720,480,pilot flame,427,169,506,205
image_568_unstable.png,720,480,pilot flame,423,293,507,322
image_568_unstable.png,720,480,pilot flame,414,348,504,385
image_569_unstable.png,720,480,pilot flame,421,108,503,145
image_569_unstable.png,720,480,pilot flame,418,176,509,202
image_569_unstable.png,720,480,pilot flame,433,288,509,329
image_569_unstable.png,720,480,pilot flame,399,344,508,384
image_569_unstable.png,720,480,stable,384,219,482,282
image_569_unstable.png,720,480,burner cap,485,239,510,265
image_56_unstable.png,720,480,unstable,327,177,487,316
image_56_unstable.png,720,480,burner cap,473,231,506,263
image_571_unstable.png,720,480,burner cap,483,235,507,269
image_571_unstable.png,720,480,stable,226,196,482,309
image_571_unstable.png,720,480,pilot flame,397,111,506,141
image_571_unstable.png,720,480,pilot flame,413,168,507,202
image_571_unstable.png,720,480,pilot flame,440,285,509,325
image_571_unstable.png,720,480,pilot flame,399,340,506,385
image_57_unstable.png,720,480,unstable,318,179,479,308
image_57_unstable.png,720,480,burner cap,473,227,504,265
image_58_unstable.png,720,480,unstable,302,176,479,315
image_58_unstable.png,720,480,burner cap,481,236,505,263
image_59_unstable.png,720,480,unstable,335,182,479,322
image_59_unstable.png,720,480,burner cap,480,236,509,262
image_61_unstable.png,720,480,unstable,325,174,473,312
image_61_unstable.png,720,480,burner cap,476,233,507,262
image_62_unstable.png,720,480,unstable,331,178,479,313
image_62_unstable.png,720,480,burner cap,476,233,509,262
image_63_unstable.png,720,480,burner cap,482,236,504,261
image_63_unstable.png,720,480,unstable,312,181,473,303
image_64_unstable.png,720,480,unstable,324,177,475,313
image_64_unstable.png,720,480,burner cap,481,235,508,260
image_66_unstable.png,720,480,burner cap,481,233,509,262
image_66_unstable.png,720,480,unstable,325,175,475,312
image_67_unstable.png,720,480,unstable,344,178,480,312
image_67_unstable.png,720,480,burner cap,477,229,507,270
image_68_unstable.png,720,480,unstable,360,193,479,302
image_68_unstable.png,720,480,burner cap,480,232,507,261
image_69_unstable.png,720,480,burner cap,482,237,509,263
image_69_unstable.png,720,480,unstable,333,186,479,299
image_6_unstable.png,720,480,unstable,336,197,489,299
image_6_unstable.png,720,480,burner cap,480,239,506,262
image_6_unstable.png,720,480,pilot flame,414,108,506,141
image_6_unstable.png,720,480,pilot flame,418,166,505,197
image_6_unstable.png,720,480,pilot flame,437,290,505,328
image_6_unstable.png,720,480,pilot flame,411,341,508,381
image_71_unstable.png,720,480,unstable,344,197,477,298
image_71_unstable.png,720,480,burner cap,481,233,504,261
image_72_unstable.png,720,480,burner cap,479,231,504,262
image_72_unstable.png,720,480,unstable,329,182,473,306
image_73_unstable.png,720,480,unstable,320,177,483,314
image_73_unstable.png,720,480,burner cap,475,230,510,259
image_74_unstable.png,720,480,burner cap,477,230,508,266
image_74_unstable.png,720,480,unstable,317,172,471,318
image_76_unstable.png,720,480,unstable,322,177,484,319
image_76_unstable.png,720,480,burner cap,473,231,508,263
image_77_unstable.png,720,480,unstable,329,170,483,318
image_77_unstable.png,720,480,burner cap,477,230,508,263
image_78_unstable.png,720,480,burner cap,473,231,508,266
image_78_unstable.png,720,480,unstable,306,171,470,312
image_79_unstable.png,720,480,unstable,339,179,477,314
image_79_unstable.png,720,480,burner cap,478,236,504,265
image_7_unstable.png,720,480,burner cap,482,232,505,261
image_7_unstable.png,720,480,unstable,308,185,481,309
image_7_unstable.png,720,480,pilot flame,415,110,507,148
image_7_unstable.png,720,480,pilot flame,415,169,511,204
image_7_unstable.png,720,480,pilot flame,409,291,511,325
image_7_unstable.png,720,480,pilot flame,391,341,506,384
image_81_unstable.png,720,480,burner cap,479,237,507,265
image_81_unstable.png,720,480,unstable,304,170,476,314
image_82_unstable.png,720,480,unstable,316,170,479,326
image_82_unstable.png,720,480,burner cap,476,230,504,262
image_83_unstable.png,720,480,burner cap,477,233,509,264
image_83_unstable.png,720,480,unstable,312,172,485,316
image_84_unstable.png,720,480,unstable,327,173,479,319
image_84_unstable.png,720,480,burner cap,480,230,509,269
image_86_unstable.png,720,480,burner cap,477,231,512,269
image_86_unstable.png,720,480,unstable,297,174,475,321
image_87_unstable.png,720,480,unstable,319,164,482,326
image_87_unstable.png,720,480,burner cap,479,233,509,268
image_88_unstable.png,720,480,burner cap,472,231,511,269
image_88_unstable.png,720,480,unstable,321,166,479,327
image_89_unstable.png,720,480,unstable,310,169,480,308
image_89_unstable.png,720,480,burner cap,479,237,506,262
image_8_unstable.png,720,480,burner cap,477,232,504,263
image_8_unstable.png,720,480,unstable,337,183,478,309
image_8_unstable.png,720,480,pilot flame,397,114,502,140
image_8_unstable.png,720,480,pilot flame,404,166,514,203
image_8_unstable.png,720,480,pilot flame,420,283,507,327
image_8_unstable.png,720,480,pilot flame,422,348,507,388
image_91_unstable.png,720,480,burner cap,481,234,505,263
image_91_unstable.png,720,480,stable,318,180,477,310
image_92_unstable.png,720,480,unstable,321,179,476,307
image_92_unstable.png,720,480,burner cap,473,233,504,262
image_93_unstable.png,720,480,burner cap,473,231,515,268
image_93_unstable.png,720,480,unstable,318,178,476,309
image_94_unstable.png,720,480,unstable,321,172,471,305
image_94_unstable.png,720,480,burner cap,481,232,505,261
image_96_unstable.png,720,480,burner cap,475,233,504,265
image_96_unstable.png,720,480,unstable,327,187,479,306
image_97_unstable.png,720,480,stable,325,194,473,309
image_97_unstable.png,720,480,burner cap,478,237,508,268
image_98_unstable.png,720,480,unstable,312,177,479,311
image_98_unstable.png,720,480,burner cap,477,233,511,272
image_99_unstable.png,720,480,buner cap,480,234,507,259
image_99_unstable.png,720,480,unstable,310,175,479,313
image_9_unstable.png,720,480,burner cap,481,233,508,266
image_9_unstable.png,720,480,unstable,312,186,477,305
image_9_unstable.png,720,480,pilot flame,413,114,505,139
image_9_unstable.png,720,480,pilot flame,416,166,507,201
image_9_unstable.png,720,480,pilot flame,431,294,505,326
image_9_unstable.png,720,480,pilot flame,408,344,508,387
